timestamp,balance,equity,drawdown_pct,open_positions,exposure_units
2024-01-02T08:00:00+00:00,10000.0,10000.0,0.0,0,0
2024-01-02T08:05:00+00:00,10000.0,10000.0,0.0,0,0
2024-01-02T08:10:00+00:00,10000.0,10000.0,0.0,0,0
2024-01-02T08:15:00+00:00,10000.0,10000.0,0.0,0,0
2024-01-02T08:20:00+00:00,10000.0,10000.0,0.0,0,0
2024-01-02T08:25:00+00:00,10000.0,10000.0,0.0,0,0
2024-01-02T08:30:00+00:00,10000.0,10000.0,0.0,0,0
2024-01-02T08:35:00+00:00,10000.0,10000.0,0.0,0,0
2024-01-02T08:40:00+00:00,10000.0,10000.0,0.0,0,0
2024-01-02T08:45:00+00:00,10000.0,10000.0,0.0,0,0
2024-01-02T08:50:00+00:00,10000.0,10000.0,0.0,0,0
2024-01-02T08:55:00+00:00,10000.0,10000.0,0.0,0,0
2024-01-02T09:00:00+00:00,10000.0,10000.0,0.0,0,0
2024-01-02T09:05:00+00:00,10000.0,10000.0,0.0,0,0
2024-01-02T09:10:00+00:00,10000.0,10000.0,0.0,0,0
2024-01-02T09:15:00+00:00,10000.0,10000.0,0.0,0,0
2024-01-02T09:20:00+00:00,10000.0,10000.0,0.0,0,0
2024-01-02T09:25:00+00:00,10000.0,10000.0,0.0,0,0
2024-01-02T09:30:00+00:00,10000.0,10000.0,0.0,0,0
2024-01-02T09:35:00+00:00,10000.0,10000.0,0.0,0,0
2024-01-02T09:40:00+00:00,10000.0,10000.0,0.0,0,0
2024-01-02T09:45:00+00:00,10000.0,9987.4299366329,0.0012570063367100374,1,100000
2024-01-02T09:50:00+00:00,10000.0,9960.592202438003,0.003940779756199663,1,100000
2024-01-02T09:55:00+00:00,10000.0,9958.976286168232,0.004102371383176796,1,100000
2024-01-02T10:00:00+00:00,10000.0,9939.618249595718,0.006038175040428177,1,100000
2024-01-02T10:05:00+00:00,10000.0,9942.565478818746,0.005743452118125424,1,100000
2024-01-02T10:10:00+00:00,9914.000000000036,9914.000000000036,0.008599999999996362,0,0
2024-01-02T10:15:00+00:00,9914.000000000036,9914.000000000036,0.008599999999996362,0,0
2024-01-02T10:20:00+00:00,9914.000000000036,9914.000000000036,0.008599999999996362,0,0
2024-01-02T10:25:00+00:00,9914.000000000036,9914.000000000036,0.008599999999996362,0,0
2024-01-02T10:30:00+00:00,9914.000000000036,9914.000000000036,0.008599999999996362,0,0
2024-01-02T10:35:00+00:00,9914.000000000036,9914.000000000036,0.008599999999996362,0,0
2024-01-02T10:40:00+00:00,9914.000000000036,9914.000000000036,0.008599999999996362,0,0
2024-01-02T10:45:00+00:00,9914.000000000036,9911.158683758604,0.008884131624139627,1,99000
2024-01-02T10:50:00+00:00,9914.000000000036,9918.164059192362,0.00818359408076376,1,99000
2024-01-02T10:55:00+00:00,9914.000000000036,9926.925695693772,0.007307430430622844,1,99000
2024-01-02T11:00:00+00:00,9914.000000000036,9915.096049592797,0.00849039504072025,1,99000
2024-01-02T11:05:00+00:00,9914.000000000036,9932.885722225981,0.006711427777401877,1,99000
2024-01-02T11:10:00+00:00,9914.000000000036,9944.192013654963,0.005580798634503663,1,99000
2024-01-02T11:15:00+00:00,9914.000000000036,9942.081924269116,0.005791807573088409,1,99000
2024-01-02T11:20:00+00:00,9956.07500000007,9956.07500000007,0.004392499999993015,0,0
2024-01-02T11:25:00+00:00,9956.07500000007,9951.748459674716,0.004825154032528371,1,99000
2024-01-02T11:30:00+00:00,9956.07500000007,9964.388922165337,0.0035611077834662866,1,99000
2024-01-02T11:35:00+00:00,9956.07500000007,9964.240051608831,0.0035759948391169017,1,99000
2024-01-02T11:40:00+00:00,9956.07500000007,9977.367608757751,0.002263239124224856,1,99000
2024-01-02T11:45:00+00:00,9956.07500000007,9967.07281851898,0.0032927181481019942,1,99000
2024-01-02T11:50:00+00:00,9956.07500000007,9990.9872793224,0.0009012720677599646,1,99000
2024-01-02T11:55:00+00:00,9956.07500000007,9984.294257918988,0.0015705742081012432,1,99000
2024-01-02T12:00:00+00:00,9956.07500000007,9982.367764572371,0.0017632235427628984,1,99000
2024-01-02T12:05:00+00:00,9956.07500000007,9962.829804814402,0.003717019518559755,1,99000
2024-01-02T12:10:00+00:00,9956.07500000007,9969.968405398231,0.003003159460176903,1,99000
2024-01-02T12:15:00+00:00,9956.07500000007,9996.237290282445,0.0003762709717555481,1,99000
2024-01-02T12:20:00+00:00,9956.07500000007,9996.354387279409,0.00036456127205910886,1,99000
2024-01-02T12:25:00+00:00,9956.07500000007,9979.560510276417,0.002043948972358339,1,99000
2024-01-02T12:30:00+00:00,9956.07500000007,9976.012460872984,0.0023987539127016135,1,99000
2024-01-02T12:35:00+00:00,9956.07500000007,9956.620536920882,0.004337946307911807,1,99000
2024-01-02T12:40:00+00:00,9956.07500000007,9939.309757924095,0.006069024207590519,1,99000
2024-01-02T12:45:00+00:00,9956.07500000007,9930.51795466071,0.006948204533928947,1,99000
2024-01-02T12:50:00+00:00,9956.07500000007,9944.817452683237,0.00551825473167628,1,99000
2024-01-02T12:55:00+00:00,9956.07500000007,9969.365157974185,0.0030634842025814577,1,99000
2024-01-02T13:00:00+00:00,9956.07500000007,9953.464228010958,0.004653577198904167,1,99000
2024-01-02T13:05:00+00:00,9956.07500000007,9970.529656937313,0.0029470343062686878,1,99000
2024-01-02T13:10:00+00:00,9956.07500000007,9950.007203452958,0.004999279654704151,1,99000
2024-01-02T13:15:00+00:00,9956.07500000007,9955.538415131412,0.004446158486858804,1,99000
2024-01-02T13:20:00+00:00,9956.07500000007,9965.929626483601,0.003407037351639883,1,99000
2024-01-02T13:25:00+00:00,9956.07500000007,9938.514693863048,0.006148530613695221,1,99000
2024-01-02T13:30:00+00:00,9956.07500000007,9910.982495232955,0.008901750476704547,1,99000
2024-01-02T13:35:00+00:00,9877.810859649628,9877.810859649628,0.012218914035037233,0,0
2024-01-02T13:40:00+00:00,9877.810859649628,9877.810859649628,0.012218914035037233,0,0
2024-01-02T13:45:00+00:00,9877.810859649628,9877.810859649628,0.012218914035037233,0,0
2024-01-02T13:50:00+00:00,9877.810859649628,9877.810859649628,0.012218914035037233,0,0
2024-01-02T13:55:00+00:00,9877.810859649628,9877.810859649628,0.012218914035037233,0,0
2024-01-02T14:00:00+00:00,9877.810859649628,9877.810859649628,0.012218914035037233,0,0
2024-01-02T14:05:00+00:00,9877.810859649628,9877.810859649628,0.012218914035037233,0,0
2024-01-02T14:10:00+00:00,9877.810859649628,9867.976466901706,0.013202353309829414,1,92000
2024-01-02T14:15:00+00:00,9877.810859649628,9854.853702184095,0.01451462978159052,1,92000
2024-01-02T14:20:00+00:00,9877.810859649628,9846.76788988605,0.01532321101139496,1,92000
2024-01-02T14:25:00+00:00,9877.810859649628,9852.443713794268,0.014755628620573225,1,92000
2024-01-02T14:30:00+00:00,9877.810859649628,9858.280787383148,0.014171921261685202,1,92000
2024-01-02T14:35:00+00:00,9877.810859649628,9842.265431660704,0.015773456833929594,1,92000
2024-01-02T14:40:00+00:00,9877.810859649628,9836.104889423583,0.01638951105764172,1,92000
2024-01-02T14:45:00+00:00,9877.810859649628,9847.409795487561,0.015259020451243851,1,92000
2024-01-02T14:50:00+00:00,9877.810859649628,9853.648648214325,0.014635135178567543,1,92000
2024-01-02T14:55:00+00:00,9877.810859649628,9841.86282284401,0.015813717715598977,1,92000
2024-01-02T15:00:00+00:00,9877.810859649628,9847.971423689643,0.015202857631035658,1,92000
2024-01-02T15:05:00+00:00,9877.810859649628,9834.39418071725,0.01656058192827495,1,92000
2024-01-02T15:10:00+00:00,9877.810859649628,9828.618467223163,0.017138153277683706,1,92000
2024-01-02T15:15:00+00:00,9877.810859649628,9822.162498915503,0.01778375010844975,1,92000
2024-01-02T15:20:00+00:00,9799.232249686984,9799.232249686984,0.020076775031301623,0,0
2024-01-02T15:25:00+00:00,9799.232249686984,9799.232249686984,0.020076775031301623,0,0
2024-01-02T15:30:00+00:00,9799.232249686984,9799.232249686984,0.020076775031301623,0,0
2024-01-02T15:35:00+00:00,9799.232249686984,9799.232249686984,0.020076775031301623,0,0
2024-01-02T15:40:00+00:00,9799.232249686984,9799.232249686984,0.020076775031301623,0,0
2024-01-02T15:45:00+00:00,9799.232249686984,9799.232249686984,0.020076775031301623,0,0
2024-01-02T15:50:00+00:00,9799.232249686984,9799.232249686984,0.020076775031301623,0,0
2024-01-02T15:55:00+00:00,9799.232249686984,9799.232249686984,0.020076775031301623,0,0
2024-01-02T16:00:00+00:00,9799.232249686984,9799.232249686984,0.020076775031301623,0,0
2024-01-02T16:05:00+00:00,9799.232249686984,9799.232249686984,0.020076775031301623,0,0
2024-01-02T16:10:00+00:00,9799.232249686984,9799.232249686984,0.020076775031301623,0,0
2024-01-02T16:15:00+00:00,9799.232249686984,9799.232249686984,0.020076775031301623,0,0
2024-01-02T16:20:00+00:00,9799.232249686984,9799.232249686984,0.020076775031301623,0,0
2024-01-02T16:25:00+00:00,9799.232249686984,9799.232249686984,0.020076775031301623,0,0
2024-01-02T16:30:00+00:00,9799.232249686984,9799.232249686984,0.020076775031301623,0,0
2024-01-02T16:35:00+00:00,9799.232249686984,9799.232249686984,0.020076775031301623,0,0
2024-01-02T16:40:00+00:00,9799.232249686984,9799.232249686984,0.020076775031301623,0,0
2024-01-02T16:45:00+00:00,9799.232249686984,9799.232249686984,0.020076775031301623,0,0
2024-01-02T16:50:00+00:00,9799.232249686984,9799.232249686984,0.020076775031301623,0,0
2024-01-02T16:55:00+00:00,9799.232249686984,9799.232249686984,0.020076775031301623,0,0
2024-01-02T17:00:00+00:00,9799.232249686984,9799.232249686984,0.020076775031301623,0,0
2024-01-02T17:05:00+00:00,9799.232249686984,9799.232249686984,0.020076775031301623,0,0
2024-01-02T17:10:00+00:00,9799.232249686984,9799.232249686984,0.020076775031301623,0,0
2024-01-02T17:15:00+00:00,9799.232249686984,9799.232249686984,0.020076775031301623,0,0
2024-01-02T17:20:00+00:00,9799.232249686984,9799.232249686984,0.020076775031301623,0,0
2024-01-02T17:25:00+00:00,9799.232249686984,9799.232249686984,0.020076775031301623,0,0
2024-01-02T17:30:00+00:00,9799.232249686984,9799.232249686984,0.020076775031301623,0,0
2024-01-02T17:35:00+00:00,9799.232249686984,9799.232249686984,0.020076775031301623,0,0
2024-01-02T17:40:00+00:00,9799.232249686984,9799.232249686984,0.020076775031301623,0,0
2024-01-02T17:45:00+00:00,9799.232249686984,9799.232249686984,0.020076775031301623,0,0
2024-01-02T17:50:00+00:00,9799.232249686984,9799.232249686984,0.020076775031301623,0,0
2024-01-02T17:55:00+00:00,9799.232249686984,9799.232249686984,0.020076775031301623,0,0
2024-01-02T18:00:00+00:00,9799.232249686984,9799.232249686984,0.020076775031301623,0,0
2024-01-02T18:05:00+00:00,9799.232249686984,9799.232249686984,0.020076775031301623,0,0
2024-01-02T18:10:00+00:00,9799.232249686984,9799.232249686984,0.020076775031301623,0,0
2024-01-02T18:15:00+00:00,9799.232249686984,9799.232249686984,0.020076775031301623,0,0
2024-01-02T18:20:00+00:00,9799.232249686984,9799.232249686984,0.020076775031301623,0,0
2024-01-02T18:25:00+00:00,9799.232249686984,9799.232249686984,0.020076775031301623,0,0
2024-01-02T18:30:00+00:00,9799.232249686984,9799.232249686984,0.020076775031301623,0,0
2024-01-02T18:35:00+00:00,9799.232249686984,9799.232249686984,0.020076775031301623,0,0
2024-01-02T18:40:00+00:00,9799.232249686984,9799.232249686984,0.020076775031301623,0,0
2024-01-02T18:45:00+00:00,9799.232249686984,9799.232249686984,0.020076775031301623,0,0
2024-01-02T18:50:00+00:00,9799.232249686984,9799.232249686984,0.020076775031301623,0,0
2024-01-02T18:55:00+00:00,9799.232249686984,9799.232249686984,0.020076775031301623,0,0
2024-01-02T19:00:00+00:00,9799.232249686984,9799.232249686984,0.020076775031301623,0,0
2024-01-02T19:05:00+00:00,9799.232249686984,9799.232249686984,0.020076775031301623,0,0
2024-01-02T19:10:00+00:00,9799.232249686984,9799.232249686984,0.020076775031301623,0,0
2024-01-02T19:15:00+00:00,9799.232249686984,9799.232249686984,0.020076775031301623,0,0
2024-01-02T19:20:00+00:00,9799.232249686984,9799.232249686984,0.020076775031301623,0,0
2024-01-02T19:25:00+00:00,9799.232249686984,9799.232249686984,0.020076775031301623,0,0
2024-01-02T19:30:00+00:00,9799.232249686984,9799.232249686984,0.020076775031301623,0,0
2024-01-02T19:35:00+00:00,9799.232249686984,9799.232249686984,0.020076775031301623,0,0
2024-01-02T19:40:00+00:00,9799.232249686984,9799.232249686984,0.020076775031301623,0,0
2024-01-02T19:45:00+00:00,9799.232249686984,9799.232249686984,0.020076775031301623,0,0
2024-01-02T19:50:00+00:00,9799.232249686984,9799.232249686984,0.020076775031301623,0,0
2024-01-02T19:55:00+00:00,9799.232249686984,9799.232249686984,0.020076775031301623,0,0
2024-01-02T20:00:00+00:00,9799.232249686984,9799.232249686984,0.020076775031301623,0,0
2024-01-02T20:05:00+00:00,9799.232249686984,9799.232249686984,0.020076775031301623,0,0
2024-01-02T20:10:00+00:00,9799.232249686984,9799.232249686984,0.020076775031301623,0,0
2024-01-02T20:15:00+00:00,9799.232249686984,9799.232249686984,0.020076775031301623,0,0
2024-01-02T20:20:00+00:00,9799.232249686984,9799.232249686984,0.020076775031301623,0,0
2024-01-02T20:25:00+00:00,9799.232249686984,9799.232249686984,0.020076775031301623,0,0
2024-01-02T20:30:00+00:00,9799.232249686984,9799.232249686984,0.020076775031301623,0,0
2024-01-02T20:35:00+00:00,9799.232249686984,9799.232249686984,0.020076775031301623,0,0
2024-01-02T20:40:00+00:00,9799.232249686984,9799.232249686984,0.020076775031301623,0,0
2024-01-02T20:45:00+00:00,9799.232249686984,9799.232249686984,0.020076775031301623,0,0
2024-01-02T20:50:00+00:00,9799.232249686984,9799.232249686984,0.020076775031301623,0,0
2024-01-02T20:55:00+00:00,9799.232249686984,9799.232249686984,0.020076775031301623,0,0
2024-01-02T21:00:00+00:00,9799.232249686984,9799.232249686984,0.020076775031301623,0,0
2024-01-02T21:05:00+00:00,9799.232249686984,9799.232249686984,0.020076775031301623,0,0
2024-01-02T21:10:00+00:00,9799.232249686984,9799.232249686984,0.020076775031301623,0,0
2024-01-02T21:15:00+00:00,9799.232249686984,9799.232249686984,0.020076775031301623,0,0
2024-01-02T21:20:00+00:00,9799.232249686984,9799.232249686984,0.020076775031301623,0,0
2024-01-02T21:25:00+00:00,9799.232249686984,9799.232249686984,0.020076775031301623,0,0
2024-01-02T21:30:00+00:00,9799.232249686984,9799.232249686984,0.020076775031301623,0,0
2024-01-02T21:35:00+00:00,9799.232249686984,9799.232249686984,0.020076775031301623,0,0
2024-01-02T21:40:00+00:00,9799.232249686984,9799.232249686984,0.020076775031301623,0,0
2024-01-02T21:45:00+00:00,9799.232249686984,9799.232249686984,0.020076775031301623,0,0
2024-01-02T21:50:00+00:00,9799.232249686984,9799.232249686984,0.020076775031301623,0,0
2024-01-02T21:55:00+00:00,9799.232249686984,9799.232249686984,0.020076775031301623,0,0
2024-01-02T22:00:00+00:00,9799.232249686984,9799.232249686984,0.020076775031301623,0,0
2024-01-02T22:05:00+00:00,9799.232249686984,9799.232249686984,0.020076775031301623,0,0
2024-01-02T22:10:00+00:00,9799.232249686984,9799.232249686984,0.020076775031301623,0,0
2024-01-02T22:15:00+00:00,9799.232249686984,9799.232249686984,0.020076775031301623,0,0
2024-01-02T22:20:00+00:00,9799.232249686984,9799.232249686984,0.020076775031301623,0,0
2024-01-02T22:25:00+00:00,9799.232249686984,9799.232249686984,0.020076775031301623,0,0
2024-01-02T22:30:00+00:00,9799.232249686984,9799.232249686984,0.020076775031301623,0,0
2024-01-02T22:35:00+00:00,9799.232249686984,9799.232249686984,0.020076775031301623,0,0
2024-01-02T22:40:00+00:00,9799.232249686984,9799.232249686984,0.020076775031301623,0,0
2024-01-02T22:45:00+00:00,9799.232249686984,9799.232249686984,0.020076775031301623,0,0
2024-01-02T22:50:00+00:00,9799.232249686984,9799.232249686984,0.020076775031301623,0,0
2024-01-02T22:55:00+00:00,9799.232249686984,9799.232249686984,0.020076775031301623,0,0
2024-01-02T23:00:00+00:00,9799.232249686984,9799.232249686984,0.020076775031301623,0,0
2024-01-02T23:05:00+00:00,9799.232249686984,9799.232249686984,0.020076775031301623,0,0
2024-01-02T23:10:00+00:00,9799.232249686984,9799.232249686984,0.020076775031301623,0,0
2024-01-02T23:15:00+00:00,9799.232249686984,9799.232249686984,0.020076775031301623,0,0
2024-01-02T23:20:00+00:00,9799.232249686984,9799.232249686984,0.020076775031301623,0,0
2024-01-02T23:25:00+00:00,9799.232249686984,9799.232249686984,0.020076775031301623,0,0
2024-01-02T23:30:00+00:00,9799.232249686984,9799.232249686984,0.020076775031301623,0,0
2024-01-02T23:35:00+00:00,9799.232249686984,9799.232249686984,0.020076775031301623,0,0
2024-01-02T23:40:00+00:00,9799.232249686984,9799.232249686984,0.020076775031301623,0,0
2024-01-02T23:45:00+00:00,9799.232249686984,9799.232249686984,0.020076775031301623,0,0
2024-01-02T23:50:00+00:00,9799.232249686984,9799.232249686984,0.020076775031301623,0,0
2024-01-02T23:55:00+00:00,9799.232249686984,9799.232249686984,0.020076775031301623,0,0
2024-01-03T00:00:00+00:00,9799.232249686984,9799.232249686984,0.020076775031301623,0,0
2024-01-03T00:05:00+00:00,9799.232249686984,9799.232249686984,0.020076775031301623,0,0
2024-01-03T00:10:00+00:00,9799.232249686984,9799.232249686984,0.020076775031301623,0,0
2024-01-03T00:15:00+00:00,9799.232249686984,9799.232249686984,0.020076775031301623,0,0
2024-01-03T00:20:00+00:00,9799.232249686984,9799.232249686984,0.020076775031301623,0,0
2024-01-03T00:25:00+00:00,9799.232249686984,9799.232249686984,0.020076775031301623,0,0
2024-01-03T00:30:00+00:00,9799.232249686984,9799.232249686984,0.020076775031301623,0,0
2024-01-03T00:35:00+00:00,9799.232249686984,9799.232249686984,0.020076775031301623,0,0
2024-01-03T00:40:00+00:00,9799.232249686984,9799.232249686984,0.020076775031301623,0,0
2024-01-03T00:45:00+00:00,9799.232249686984,9799.232249686984,0.020076775031301623,0,0
2024-01-03T00:50:00+00:00,9799.232249686984,9799.232249686984,0.020076775031301623,0,0
2024-01-03T00:55:00+00:00,9799.232249686984,9799.232249686984,0.020076775031301623,0,0
2024-01-03T01:00:00+00:00,9799.232249686984,9799.232249686984,0.020076775031301623,0,0
2024-01-03T01:05:00+00:00,9799.232249686984,9799.232249686984,0.020076775031301623,0,0
2024-01-03T01:10:00+00:00,9799.232249686984,9799.232249686984,0.020076775031301623,0,0
2024-01-03T01:15:00+00:00,9799.232249686984,9799.232249686984,0.020076775031301623,0,0
2024-01-03T01:20:00+00:00,9799.232249686984,9799.232249686984,0.020076775031301623,0,0
2024-01-03T01:25:00+00:00,9799.232249686984,9799.232249686984,0.020076775031301623,0,0
2024-01-03T01:30:00+00:00,9799.232249686984,9799.232249686984,0.020076775031301623,0,0
2024-01-03T01:35:00+00:00,9799.232249686984,9799.232249686984,0.020076775031301623,0,0
2024-01-03T01:40:00+00:00,9799.232249686984,9799.232249686984,0.020076775031301623,0,0
2024-01-03T01:45:00+00:00,9799.232249686984,9799.232249686984,0.020076775031301623,0,0
2024-01-03T01:50:00+00:00,9799.232249686984,9799.232249686984,0.020076775031301623,0,0
2024-01-03T01:55:00+00:00,9799.232249686984,9799.232249686984,0.020076775031301623,0,0
2024-01-03T02:00:00+00:00,9799.232249686984,9799.232249686984,0.020076775031301623,0,0
2024-01-03T02:05:00+00:00,9799.232249686984,9799.232249686984,0.020076775031301623,0,0
2024-01-03T02:10:00+00:00,9799.232249686984,9799.232249686984,0.020076775031301623,0,0
2024-01-03T02:15:00+00:00,9799.232249686984,9799.232249686984,0.020076775031301623,0,0
2024-01-03T02:20:00+00:00,9799.232249686984,9799.232249686984,0.020076775031301623,0,0
2024-01-03T02:25:00+00:00,9799.232249686984,9799.232249686984,0.020076775031301623,0,0
2024-01-03T02:30:00+00:00,9799.232249686984,9799.232249686984,0.020076775031301623,0,0
2024-01-03T02:35:00+00:00,9799.232249686984,9799.232249686984,0.020076775031301623,0,0
2024-01-03T02:40:00+00:00,9799.232249686984,9799.232249686984,0.020076775031301623,0,0
2024-01-03T02:45:00+00:00,9799.232249686984,9799.232249686984,0.020076775031301623,0,0
2024-01-03T02:50:00+00:00,9799.232249686984,9799.232249686984,0.020076775031301623,0,0
2024-01-03T02:55:00+00:00,9799.232249686984,9799.232249686984,0.020076775031301623,0,0
2024-01-03T03:00:00+00:00,9799.232249686984,9799.232249686984,0.020076775031301623,0,0
2024-01-03T03:05:00+00:00,9799.232249686984,9799.232249686984,0.020076775031301623,0,0
2024-01-03T03:10:00+00:00,9799.232249686984,9799.232249686984,0.020076775031301623,0,0
2024-01-03T03:15:00+00:00,9799.232249686984,9799.232249686984,0.020076775031301623,0,0
2024-01-03T03:20:00+00:00,9799.232249686984,9799.232249686984,0.020076775031301623,0,0
2024-01-03T03:25:00+00:00,9799.232249686984,9799.232249686984,0.020076775031301623,0,0
2024-01-03T03:30:00+00:00,9799.232249686984,9799.232249686984,0.020076775031301623,0,0
2024-01-03T03:35:00+00:00,9799.232249686984,9799.232249686984,0.020076775031301623,0,0
2024-01-03T03:40:00+00:00,9799.232249686984,9799.232249686984,0.020076775031301623,0,0
2024-01-03T03:45:00+00:00,9799.232249686984,9799.232249686984,0.020076775031301623,0,0
2024-01-03T03:50:00+00:00,9799.232249686984,9799.232249686984,0.020076775031301623,0,0
2024-01-03T03:55:00+00:00,9799.232249686984,9799.232249686984,0.020076775031301623,0,0
2024-01-03T04:00:00+00:00,9799.232249686984,9799.232249686984,0.020076775031301623,0,0
2024-01-03T04:05:00+00:00,9799.232249686984,9799.232249686984,0.020076775031301623,0,0
2024-01-03T04:10:00+00:00,9799.232249686984,9799.232249686984,0.020076775031301623,0,0
2024-01-03T04:15:00+00:00,9799.232249686984,9799.232249686984,0.020076775031301623,0,0
2024-01-03T04:20:00+00:00,9799.232249686984,9799.232249686984,0.020076775031301623,0,0
2024-01-03T04:25:00+00:00,9799.232249686984,9799.232249686984,0.020076775031301623,0,0
2024-01-03T04:30:00+00:00,9799.232249686984,9799.232249686984,0.020076775031301623,0,0
2024-01-03T04:35:00+00:00,9799.232249686984,9799.232249686984,0.020076775031301623,0,0
2024-01-03T04:40:00+00:00,9799.232249686984,9799.232249686984,0.020076775031301623,0,0
2024-01-03T04:45:00+00:00,9799.232249686984,9799.232249686984,0.020076775031301623,0,0
2024-01-03T04:50:00+00:00,9799.232249686984,9799.232249686984,0.020076775031301623,0,0
2024-01-03T04:55:00+00:00,9799.232249686984,9799.232249686984,0.020076775031301623,0,0
2024-01-03T05:00:00+00:00,9799.232249686984,9799.232249686984,0.020076775031301623,0,0
2024-01-03T05:05:00+00:00,9799.232249686984,9799.232249686984,0.020076775031301623,0,0
2024-01-03T05:10:00+00:00,9799.232249686984,9799.232249686984,0.020076775031301623,0,0
2024-01-03T05:15:00+00:00,9799.232249686984,9799.232249686984,0.020076775031301623,0,0
2024-01-03T05:20:00+00:00,9799.232249686984,9799.232249686984,0.020076775031301623,0,0
2024-01-03T05:25:00+00:00,9799.232249686984,9799.232249686984,0.020076775031301623,0,0
2024-01-03T05:30:00+00:00,9799.232249686984,9799.232249686984,0.020076775031301623,0,0
2024-01-03T05:35:00+00:00,9799.232249686984,9799.232249686984,0.020076775031301623,0,0
2024-01-03T05:40:00+00:00,9799.232249686984,9799.232249686984,0.020076775031301623,0,0
2024-01-03T05:45:00+00:00,9799.232249686984,9799.232249686984,0.020076775031301623,0,0
2024-01-03T05:50:00+00:00,9799.232249686984,9799.232249686984,0.020076775031301623,0,0
2024-01-03T05:55:00+00:00,9799.232249686984,9799.232249686984,0.020076775031301623,0,0
2024-01-03T06:00:00+00:00,9799.232249686984,9799.232249686984,0.020076775031301623,0,0
2024-01-03T06:05:00+00:00,9799.232249686984,9799.232249686984,0.020076775031301623,0,0
2024-01-03T06:10:00+00:00,9799.232249686984,9799.232249686984,0.020076775031301623,0,0
2024-01-03T06:15:00+00:00,9799.232249686984,9799.232249686984,0.020076775031301623,0,0
2024-01-03T06:20:00+00:00,9799.232249686984,9799.232249686984,0.020076775031301623,0,0
2024-01-03T06:25:00+00:00,9799.232249686984,9799.232249686984,0.020076775031301623,0,0
2024-01-03T06:30:00+00:00,9799.232249686984,9799.232249686984,0.020076775031301623,0,0
2024-01-03T06:35:00+00:00,9799.232249686984,9799.232249686984,0.020076775031301623,0,0
2024-01-03T06:40:00+00:00,9799.232249686984,9799.232249686984,0.020076775031301623,0,0
2024-01-03T06:45:00+00:00,9799.232249686984,9799.232249686984,0.020076775031301623,0,0
2024-01-03T06:50:00+00:00,9799.232249686984,9799.232249686984,0.020076775031301623,0,0
2024-01-03T06:55:00+00:00,9799.232249686984,9799.232249686984,0.020076775031301623,0,0
2024-01-03T07:00:00+00:00,9799.232249686984,9799.232249686984,0.020076775031301623,0,0
2024-01-03T07:05:00+00:00,9799.232249686984,9794.450197077254,0.02055498029227456,1,97000
2024-01-03T07:10:00+00:00,9799.232249686984,9787.310575107436,0.02126894248925637,1,97000
2024-01-03T07:15:00+00:00,9799.232249686984,9812.841618363522,0.018715838163647823,1,97000
2024-01-03T07:20:00+00:00,9799.232249686984,9812.594118295743,0.01874058817042569,1,97000
2024-01-03T07:25:00+00:00,9799.232249686984,9810.407382956513,0.01895926170434868,1,97000
2024-01-03T07:30:00+00:00,9799.232249686984,9796.71096296123,0.02032890370387704,1,97000
2024-01-03T07:35:00+00:00,9799.232249686984,9798.098134449383,0.0201901865550617,1,97000
2024-01-03T07:40:00+00:00,9799.232249686984,9818.223844764572,0.018177615523542773,1,97000
2024-01-03T07:45:00+00:00,9799.232249686984,9797.426407490311,0.020257359250968877,1,97000
2024-01-03T07:50:00+00:00,9799.232249686984,9791.597946362368,0.020840205363763197,1,97000
2024-01-03T07:55:00+00:00,9799.232249686984,9794.3497899391,0.020565021006089954,1,97000
2024-01-03T08:00:00+00:00,9799.232249686984,9782.2864813462,0.021771351865379984,1,97000
2024-01-03T08:05:00+00:00,9799.232249686984,9765.181206068439,0.023481879393156123,1,97000
2024-01-03T08:10:00+00:00,9799.232249686984,9785.231284450745,0.021476871554925493,1,97000
2024-01-03T08:15:00+00:00,9799.232249686984,9777.978290479921,0.022202170952007872,1,97000
2024-01-03T08:20:00+00:00,9799.232249686984,9788.033145170717,0.021196685482928298,1,97000
2024-01-03T08:25:00+00:00,9799.232249686984,9799.260961815056,0.020073903818494363,1,97000
2024-01-03T08:30:00+00:00,9799.232249686984,9799.552628457646,0.02004473715423537,1,97000
2024-01-03T08:35:00+00:00,9799.232249686984,9804.001817073937,0.019599818292606323,1,97000
2024-01-03T08:40:00+00:00,9799.232249686984,9792.043781775943,0.020795621822405703,1,97000
2024-01-03T08:45:00+00:00,9799.232249686984,9811.122274303549,0.01888777256964513,1,97000
2024-01-03T08:50:00+00:00,9799.232249686984,9797.217991915893,0.020278200808410658,1,97000
2024-01-03T08:55:00+00:00,9799.232249686984,9813.019208354193,0.018698079164580668,1,97000
2024-01-03T09:00:00+00:00,9799.232249686984,9835.78930442929,0.016421069557070952,1,97000
2024-01-03T09:05:00+00:00,9841.427249687002,9841.427249687002,0.01585727503129983,0,0
2024-01-03T09:10:00+00:00,9841.427249687002,9839.033505969706,0.016096649403029368,1,98000
2024-01-03T09:15:00+00:00,9841.427249687002,9834.192865952236,0.016580713404776362,1,98000
2024-01-03T09:20:00+00:00,9841.427249687002,9843.141325711042,0.015685867428895835,1,98000
2024-01-03T09:25:00+00:00,9841.427249687002,9824.636728690704,0.017536327130929567,1,98000
2024-01-03T09:30:00+00:00,9841.427249687002,9835.390724904844,0.01646092750951557,1,98000
2024-01-03T09:35:00+00:00,9841.427249687002,9839.951939858609,0.016004806014139103,1,98000
2024-01-03T09:40:00+00:00,9841.427249687002,9860.95673604716,0.01390432639528408,1,98000
2024-01-03T09:45:00+00:00,9841.427249687002,9851.94050968777,0.014805949031222917,1,98000
2024-01-03T09:50:00+00:00,9841.427249687002,9861.010156301649,0.013898984369835126,1,98000
2024-01-03T09:55:00+00:00,9841.427249687002,9877.821295419793,0.012217870458020662,1,98000
2024-01-03T10:00:00+00:00,9841.427249687002,9889.069771518387,0.011093022848161308,1,98000
2024-01-03T10:05:00+00:00,9882.097249687029,9882.097249687029,0.011790275031297096,0,0
2024-01-03T10:10:00+00:00,9882.097249687029,9852.4312005328,0.014756879946720073,1,98000
2024-01-03T10:15:00+00:00,9882.097249687029,9831.980434206112,0.016801956579388752,1,98000
2024-01-03T10:20:00+00:00,9882.097249687029,9845.235581905656,0.015476441809434437,1,98000
2024-01-03T10:25:00+00:00,9882.097249687029,9845.725442132527,0.015427455786747304,1,98000
2024-01-03T10:30:00+00:00,9882.097249687029,9858.156564940937,0.014184343505906328,1,98000
2024-01-03T10:35:00+00:00,9882.097249687029,9843.296637971,0.015670336202900034,1,98000
2024-01-03T10:40:00+00:00,9882.097249687029,9839.739524096307,0.016026047590369307,1,98000
2024-01-03T10:45:00+00:00,9882.097249687029,9828.43476925522,0.01715652307447799,1,98000
2024-01-03T10:50:00+00:00,9882.097249687029,9839.66383222358,0.016033616777642055,1,98000
2024-01-03T10:55:00+00:00,9882.097249687029,9835.252582511066,0.016474741748893393,1,98000
2024-01-03T11:00:00+00:00,9882.097249687029,9846.413882741594,0.015358611725840637,1,98000
2024-01-03T11:05:00+00:00,9882.097249687029,9845.340887254888,0.015465911274511199,1,98000
2024-01-03T11:10:00+00:00,9882.097249687029,9865.307560958565,0.013469243904143514,1,98000
2024-01-03T11:15:00+00:00,9882.097249687029,9848.466355013235,0.015153364498676455,1,98000
2024-01-03T11:20:00+00:00,9882.097249687029,9846.632439105566,0.015336756089443406,1,98000
2024-01-03T11:25:00+00:00,9882.097249687029,9852.450349901374,0.014754965009862644,1,98000
2024-01-03T11:30:00+00:00,9882.097249687029,9872.306927000387,0.012769307299961292,1,98000
2024-01-03T11:35:00+00:00,9882.097249687029,9883.632295897178,0.011636770410282224,1,98000
2024-01-03T11:40:00+00:00,9882.097249687029,9906.613143088183,0.009338685691181672,1,98000
2024-01-03T11:45:00+00:00,9882.097249687029,9898.03216070998,0.01019678392900205,1,98000
2024-01-03T11:50:00+00:00,9882.097249687029,9911.194225721965,0.008880577427803474,1,98000
2024-01-03T11:55:00+00:00,9882.097249687029,9907.283661571206,0.009271633842879419,1,98000
2024-01-03T12:00:00+00:00,9925.0762932458,9925.0762932458,0.007492370675419988,0,0
2024-01-03T12:05:00+00:00,9925.0762932458,9901.617999621465,0.009838200037853495,1,99000
2024-01-03T12:10:00+00:00,9925.0762932458,9885.620176423221,0.011437982357677902,1,99000
2024-01-03T12:15:00+00:00,9925.0762932458,9912.483126109064,0.008751687389093604,1,99000
2024-01-03T12:20:00+00:00,9925.0762932458,9901.089914119619,0.00989100858803813,1,99000
2024-01-03T12:25:00+00:00,9925.0762932458,9923.814159467844,0.007618584053215636,1,99000
2024-01-03T12:30:00+00:00,9925.0762932458,9950.875147680184,0.004912485231981555,1,99000
2024-01-03T12:35:00+00:00,9925.0762932458,9954.58241075468,0.004541758924532041,1,99000
2024-01-03T12:40:00+00:00,9925.0762932458,9960.35860284449,0.0039641397155510275,1,99000
2024-01-03T12:45:00+00:00,9925.0762932458,9971.439512670528,0.002856048732947238,1,99000
2024-01-03T12:50:00+00:00,9925.0762932458,9962.654439579774,0.003734556042022632,1,99000
2024-01-03T12:55:00+00:00,9969.875333652599,9969.875333652599,0.0030124666347401217,0,0
2024-01-03T13:00:00+00:00,9969.875333652599,9943.833567432692,0.005616643256730822,1,99000
2024-01-03T13:05:00+00:00,9969.875333652599,9926.956932569552,0.007304306743044799,1,99000
2024-01-03T13:10:00+00:00,9889.685333652624,9889.685333652624,0.011031466634737625,0,0
2024-01-03T13:15:00+00:00,9889.685333652624,9889.685333652624,0.011031466634737625,0,0
2024-01-03T13:20:00+00:00,9889.685333652624,9889.685333652624,0.011031466634737625,0,0
2024-01-03T13:25:00+00:00,9889.685333652624,9889.685333652624,0.011031466634737625,0,0
2024-01-03T13:30:00+00:00,9889.685333652624,9889.685333652624,0.011031466634737625,0,0
2024-01-03T13:35:00+00:00,9889.685333652624,9889.685333652624,0.011031466634737625,0,0
2024-01-03T13:40:00+00:00,9889.685333652624,9889.685333652624,0.011031466634737625,0,0
2024-01-03T13:45:00+00:00,9889.685333652624,9889.685333652624,0.011031466634737625,0,0
2024-01-03T13:50:00+00:00,9889.685333652624,9889.685333652624,0.011031466634737625,0,0
2024-01-03T13:55:00+00:00,9889.685333652624,9889.685333652624,0.011031466634737625,0,0
2024-01-03T14:00:00+00:00,9889.685333652624,9862.309856286181,0.013769014371381854,1,98000
2024-01-03T14:05:00+00:00,9889.685333652624,9867.515978948035,0.01324840210519651,1,98000
2024-01-03T14:10:00+00:00,9889.685333652624,9854.978418696763,0.014502158130323732,1,98000
2024-01-03T14:15:00+00:00,9889.685333652624,9866.137474409054,0.013386252559094647,1,98000
2024-01-03T14:20:00+00:00,9889.685333652624,9848.929935223752,0.015107006477624783,1,98000
2024-01-03T14:25:00+00:00,9889.685333652624,9845.999567486853,0.015400043251314673,1,98000
2024-01-03T14:30:00+00:00,9889.685333652624,9860.607736305954,0.013939226369404605,1,98000
2024-01-03T14:35:00+00:00,9889.685333652624,9834.41190199976,0.016558809800024027,1,98000
2024-01-03T14:40:00+00:00,9889.685333652624,9838.020089809075,0.01619799101909248,1,98000
2024-01-03T14:45:00+00:00,9889.685333652624,9848.698757456252,0.015130124254374823,1,98000
2024-01-03T14:50:00+00:00,9889.685333652624,9863.926654959256,0.013607334504074425,1,98000
2024-01-03T14:55:00+00:00,9889.685333652624,9853.247370862238,0.014675262913776169,1,98000
2024-01-03T15:00:00+00:00,9889.685333652624,9840.448963519751,0.01595510364802485,1,98000
2024-01-03T15:05:00+00:00,9806.385333652644,9806.385333652644,0.019361466634735553,0,0
2024-01-03T15:10:00+00:00,9806.385333652644,9806.385333652644,0.019361466634735553,0,0
2024-01-03T15:15:00+00:00,9806.385333652644,9806.385333652644,0.019361466634735553,0,0
2024-01-03T15:20:00+00:00,9806.385333652644,9806.385333652644,0.019361466634735553,0,0
2024-01-03T15:25:00+00:00,9806.385333652644,9806.385333652644,0.019361466634735553,0,0
2024-01-03T15:30:00+00:00,9806.385333652644,9806.385333652644,0.019361466634735553,0,0
2024-01-03T15:35:00+00:00,9806.385333652644,9806.385333652644,0.019361466634735553,0,0
2024-01-03T15:40:00+00:00,9806.385333652644,9772.714350646072,0.022728564935392753,1,98000
2024-01-03T15:45:00+00:00,9806.385333652644,9781.465661145423,0.021853433885457706,1,98000
2024-01-03T15:50:00+00:00,9806.385333652644,9763.604911923527,0.023639508807647324,1,98000
2024-01-03T15:55:00+00:00,9806.385333652644,9741.395062646096,0.025860493735390445,1,98000
2024-01-03T16:00:00+00:00,9725.045333652677,9725.045333652677,0.027495466634732294,0,0
2024-01-03T16:05:00+00:00,9725.045333652677,9725.045333652677,0.027495466634732294,0,0
2024-01-03T16:10:00+00:00,9725.045333652677,9725.045333652677,0.027495466634732294,0,0
2024-01-03T16:15:00+00:00,9725.045333652677,9725.045333652677,0.027495466634732294,0,0
2024-01-03T16:20:00+00:00,9725.045333652677,9725.045333652677,0.027495466634732294,0,0
2024-01-03T16:25:00+00:00,9725.045333652677,9725.045333652677,0.027495466634732294,0,0
2024-01-03T16:30:00+00:00,9725.045333652677,9725.045333652677,0.027495466634732294,0,0
2024-01-03T16:35:00+00:00,9725.045333652677,9725.045333652677,0.027495466634732294,0,0
2024-01-03T16:40:00+00:00,9725.045333652677,9725.045333652677,0.027495466634732294,0,0
2024-01-03T16:45:00+00:00,9725.045333652677,9725.045333652677,0.027495466634732294,0,0
2024-01-03T16:50:00+00:00,9725.045333652677,9725.045333652677,0.027495466634732294,0,0
2024-01-03T16:55:00+00:00,9725.045333652677,9725.045333652677,0.027495466634732294,0,0
2024-01-03T17:00:00+00:00,9725.045333652677,9725.045333652677,0.027495466634732294,0,0
2024-01-03T17:05:00+00:00,9725.045333652677,9725.045333652677,0.027495466634732294,0,0
2024-01-03T17:10:00+00:00,9725.045333652677,9725.045333652677,0.027495466634732294,0,0
2024-01-03T17:15:00+00:00,9725.045333652677,9725.045333652677,0.027495466634732294,0,0
2024-01-03T17:20:00+00:00,9725.045333652677,9725.045333652677,0.027495466634732294,0,0
2024-01-03T17:25:00+00:00,9725.045333652677,9725.045333652677,0.027495466634732294,0,0
2024-01-03T17:30:00+00:00,9725.045333652677,9725.045333652677,0.027495466634732294,0,0
2024-01-03T17:35:00+00:00,9725.045333652677,9725.045333652677,0.027495466634732294,0,0
2024-01-03T17:40:00+00:00,9725.045333652677,9725.045333652677,0.027495466634732294,0,0
2024-01-03T17:45:00+00:00,9725.045333652677,9725.045333652677,0.027495466634732294,0,0
2024-01-03T17:50:00+00:00,9725.045333652677,9725.045333652677,0.027495466634732294,0,0
2024-01-03T17:55:00+00:00,9725.045333652677,9725.045333652677,0.027495466634732294,0,0
2024-01-03T18:00:00+00:00,9725.045333652677,9725.045333652677,0.027495466634732294,0,0
2024-01-03T18:05:00+00:00,9725.045333652677,9725.045333652677,0.027495466634732294,0,0
2024-01-03T18:10:00+00:00,9725.045333652677,9725.045333652677,0.027495466634732294,0,0
2024-01-03T18:15:00+00:00,9725.045333652677,9725.045333652677,0.027495466634732294,0,0
2024-01-03T18:20:00+00:00,9725.045333652677,9725.045333652677,0.027495466634732294,0,0
2024-01-03T18:25:00+00:00,9725.045333652677,9725.045333652677,0.027495466634732294,0,0
2024-01-03T18:30:00+00:00,9725.045333652677,9725.045333652677,0.027495466634732294,0,0
2024-01-03T18:35:00+00:00,9725.045333652677,9725.045333652677,0.027495466634732294,0,0
2024-01-03T18:40:00+00:00,9725.045333652677,9725.045333652677,0.027495466634732294,0,0
2024-01-03T18:45:00+00:00,9725.045333652677,9725.045333652677,0.027495466634732294,0,0
2024-01-03T18:50:00+00:00,9725.045333652677,9725.045333652677,0.027495466634732294,0,0
2024-01-03T18:55:00+00:00,9725.045333652677,9725.045333652677,0.027495466634732294,0,0
2024-01-03T19:00:00+00:00,9725.045333652677,9725.045333652677,0.027495466634732294,0,0
2024-01-03T19:05:00+00:00,9725.045333652677,9725.045333652677,0.027495466634732294,0,0
2024-01-03T19:10:00+00:00,9725.045333652677,9725.045333652677,0.027495466634732294,0,0
2024-01-03T19:15:00+00:00,9725.045333652677,9725.045333652677,0.027495466634732294,0,0
2024-01-03T19:20:00+00:00,9725.045333652677,9725.045333652677,0.027495466634732294,0,0
2024-01-03T19:25:00+00:00,9725.045333652677,9725.045333652677,0.027495466634732294,0,0
2024-01-03T19:30:00+00:00,9725.045333652677,9725.045333652677,0.027495466634732294,0,0
2024-01-03T19:35:00+00:00,9725.045333652677,9725.045333652677,0.027495466634732294,0,0
2024-01-03T19:40:00+00:00,9725.045333652677,9725.045333652677,0.027495466634732294,0,0
2024-01-03T19:45:00+00:00,9725.045333652677,9725.045333652677,0.027495466634732294,0,0
2024-01-03T19:50:00+00:00,9725.045333652677,9725.045333652677,0.027495466634732294,0,0
2024-01-03T19:55:00+00:00,9725.045333652677,9725.045333652677,0.027495466634732294,0,0
2024-01-03T20:00:00+00:00,9725.045333652677,9725.045333652677,0.027495466634732294,0,0
2024-01-03T20:05:00+00:00,9725.045333652677,9725.045333652677,0.027495466634732294,0,0
2024-01-03T20:10:00+00:00,9725.045333652677,9725.045333652677,0.027495466634732294,0,0
2024-01-03T20:15:00+00:00,9725.045333652677,9725.045333652677,0.027495466634732294,0,0
2024-01-03T20:20:00+00:00,9725.045333652677,9725.045333652677,0.027495466634732294,0,0
2024-01-03T20:25:00+00:00,9725.045333652677,9725.045333652677,0.027495466634732294,0,0
2024-01-03T20:30:00+00:00,9725.045333652677,9725.045333652677,0.027495466634732294,0,0
2024-01-03T20:35:00+00:00,9725.045333652677,9725.045333652677,0.027495466634732294,0,0
2024-01-03T20:40:00+00:00,9725.045333652677,9725.045333652677,0.027495466634732294,0,0
2024-01-03T20:45:00+00:00,9725.045333652677,9725.045333652677,0.027495466634732294,0,0
2024-01-03T20:50:00+00:00,9725.045333652677,9725.045333652677,0.027495466634732294,0,0
2024-01-03T20:55:00+00:00,9725.045333652677,9725.045333652677,0.027495466634732294,0,0
2024-01-03T21:00:00+00:00,9725.045333652677,9725.045333652677,0.027495466634732294,0,0
2024-01-03T21:05:00+00:00,9725.045333652677,9725.045333652677,0.027495466634732294,0,0
2024-01-03T21:10:00+00:00,9725.045333652677,9725.045333652677,0.027495466634732294,0,0
2024-01-03T21:15:00+00:00,9725.045333652677,9725.045333652677,0.027495466634732294,0,0
2024-01-03T21:20:00+00:00,9725.045333652677,9725.045333652677,0.027495466634732294,0,0
2024-01-03T21:25:00+00:00,9725.045333652677,9725.045333652677,0.027495466634732294,0,0
2024-01-03T21:30:00+00:00,9725.045333652677,9725.045333652677,0.027495466634732294,0,0
2024-01-03T21:35:00+00:00,9725.045333652677,9725.045333652677,0.027495466634732294,0,0
2024-01-03T21:40:00+00:00,9725.045333652677,9725.045333652677,0.027495466634732294,0,0
2024-01-03T21:45:00+00:00,9725.045333652677,9725.045333652677,0.027495466634732294,0,0
2024-01-03T21:50:00+00:00,9725.045333652677,9725.045333652677,0.027495466634732294,0,0
2024-01-03T21:55:00+00:00,9725.045333652677,9725.045333652677,0.027495466634732294,0,0
2024-01-03T22:00:00+00:00,9725.045333652677,9725.045333652677,0.027495466634732294,0,0
2024-01-03T22:05:00+00:00,9725.045333652677,9725.045333652677,0.027495466634732294,0,0
2024-01-03T22:10:00+00:00,9725.045333652677,9725.045333652677,0.027495466634732294,0,0
2024-01-03T22:15:00+00:00,9725.045333652677,9725.045333652677,0.027495466634732294,0,0
2024-01-03T22:20:00+00:00,9725.045333652677,9725.045333652677,0.027495466634732294,0,0
2024-01-03T22:25:00+00:00,9725.045333652677,9725.045333652677,0.027495466634732294,0,0
2024-01-03T22:30:00+00:00,9725.045333652677,9725.045333652677,0.027495466634732294,0,0
2024-01-03T22:35:00+00:00,9725.045333652677,9725.045333652677,0.027495466634732294,0,0
2024-01-03T22:40:00+00:00,9725.045333652677,9725.045333652677,0.027495466634732294,0,0
2024-01-03T22:45:00+00:00,9725.045333652677,9725.045333652677,0.027495466634732294,0,0
2024-01-03T22:50:00+00:00,9725.045333652677,9725.045333652677,0.027495466634732294,0,0
2024-01-03T22:55:00+00:00,9725.045333652677,9725.045333652677,0.027495466634732294,0,0
2024-01-03T23:00:00+00:00,9725.045333652677,9725.045333652677,0.027495466634732294,0,0
2024-01-03T23:05:00+00:00,9725.045333652677,9725.045333652677,0.027495466634732294,0,0
2024-01-03T23:10:00+00:00,9725.045333652677,9725.045333652677,0.027495466634732294,0,0
2024-01-03T23:15:00+00:00,9725.045333652677,9725.045333652677,0.027495466634732294,0,0
2024-01-03T23:20:00+00:00,9725.045333652677,9725.045333652677,0.027495466634732294,0,0
2024-01-03T23:25:00+00:00,9725.045333652677,9725.045333652677,0.027495466634732294,0,0
2024-01-03T23:30:00+00:00,9725.045333652677,9725.045333652677,0.027495466634732294,0,0
2024-01-03T23:35:00+00:00,9725.045333652677,9725.045333652677,0.027495466634732294,0,0
2024-01-03T23:40:00+00:00,9725.045333652677,9725.045333652677,0.027495466634732294,0,0
2024-01-03T23:45:00+00:00,9725.045333652677,9725.045333652677,0.027495466634732294,0,0
2024-01-03T23:50:00+00:00,9725.045333652677,9725.045333652677,0.027495466634732294,0,0
2024-01-03T23:55:00+00:00,9725.045333652677,9725.045333652677,0.027495466634732294,0,0
2024-01-04T00:00:00+00:00,9725.045333652677,9725.045333652677,0.027495466634732294,0,0
2024-01-04T00:05:00+00:00,9725.045333652677,9725.045333652677,0.027495466634732294,0,0
2024-01-04T00:10:00+00:00,9725.045333652677,9725.045333652677,0.027495466634732294,0,0
2024-01-04T00:15:00+00:00,9725.045333652677,9725.045333652677,0.027495466634732294,0,0
2024-01-04T00:20:00+00:00,9725.045333652677,9725.045333652677,0.027495466634732294,0,0
2024-01-04T00:25:00+00:00,9725.045333652677,9725.045333652677,0.027495466634732294,0,0
2024-01-04T00:30:00+00:00,9725.045333652677,9725.045333652677,0.027495466634732294,0,0
2024-01-04T00:35:00+00:00,9725.045333652677,9725.045333652677,0.027495466634732294,0,0
2024-01-04T00:40:00+00:00,9725.045333652677,9725.045333652677,0.027495466634732294,0,0
2024-01-04T00:45:00+00:00,9725.045333652677,9725.045333652677,0.027495466634732294,0,0
2024-01-04T00:50:00+00:00,9725.045333652677,9725.045333652677,0.027495466634732294,0,0
2024-01-04T00:55:00+00:00,9725.045333652677,9725.045333652677,0.027495466634732294,0,0
2024-01-04T01:00:00+00:00,9725.045333652677,9725.045333652677,0.027495466634732294,0,0
2024-01-04T01:05:00+00:00,9725.045333652677,9725.045333652677,0.027495466634732294,0,0
2024-01-04T01:10:00+00:00,9725.045333652677,9725.045333652677,0.027495466634732294,0,0
2024-01-04T01:15:00+00:00,9725.045333652677,9725.045333652677,0.027495466634732294,0,0
2024-01-04T01:20:00+00:00,9725.045333652677,9725.045333652677,0.027495466634732294,0,0
2024-01-04T01:25:00+00:00,9725.045333652677,9725.045333652677,0.027495466634732294,0,0
2024-01-04T01:30:00+00:00,9725.045333652677,9725.045333652677,0.027495466634732294,0,0
2024-01-04T01:35:00+00:00,9725.045333652677,9725.045333652677,0.027495466634732294,0,0
2024-01-04T01:40:00+00:00,9725.045333652677,9725.045333652677,0.027495466634732294,0,0
2024-01-04T01:45:00+00:00,9725.045333652677,9725.045333652677,0.027495466634732294,0,0
2024-01-04T01:50:00+00:00,9725.045333652677,9725.045333652677,0.027495466634732294,0,0
2024-01-04T01:55:00+00:00,9725.045333652677,9725.045333652677,0.027495466634732294,0,0
2024-01-04T02:00:00+00:00,9725.045333652677,9725.045333652677,0.027495466634732294,0,0
2024-01-04T02:05:00+00:00,9725.045333652677,9725.045333652677,0.027495466634732294,0,0
2024-01-04T02:10:00+00:00,9725.045333652677,9725.045333652677,0.027495466634732294,0,0
2024-01-04T02:15:00+00:00,9725.045333652677,9725.045333652677,0.027495466634732294,0,0
2024-01-04T02:20:00+00:00,9725.045333652677,9725.045333652677,0.027495466634732294,0,0
2024-01-04T02:25:00+00:00,9725.045333652677,9725.045333652677,0.027495466634732294,0,0
2024-01-04T02:30:00+00:00,9725.045333652677,9725.045333652677,0.027495466634732294,0,0
2024-01-04T02:35:00+00:00,9725.045333652677,9725.045333652677,0.027495466634732294,0,0
2024-01-04T02:40:00+00:00,9725.045333652677,9725.045333652677,0.027495466634732294,0,0
2024-01-04T02:45:00+00:00,9725.045333652677,9725.045333652677,0.027495466634732294,0,0
2024-01-04T02:50:00+00:00,9725.045333652677,9725.045333652677,0.027495466634732294,0,0
2024-01-04T02:55:00+00:00,9725.045333652677,9725.045333652677,0.027495466634732294,0,0
2024-01-04T03:00:00+00:00,9725.045333652677,9725.045333652677,0.027495466634732294,0,0
2024-01-04T03:05:00+00:00,9725.045333652677,9725.045333652677,0.027495466634732294,0,0
2024-01-04T03:10:00+00:00,9725.045333652677,9725.045333652677,0.027495466634732294,0,0
2024-01-04T03:15:00+00:00,9725.045333652677,9725.045333652677,0.027495466634732294,0,0
2024-01-04T03:20:00+00:00,9725.045333652677,9725.045333652677,0.027495466634732294,0,0
2024-01-04T03:25:00+00:00,9725.045333652677,9725.045333652677,0.027495466634732294,0,0
2024-01-04T03:30:00+00:00,9725.045333652677,9725.045333652677,0.027495466634732294,0,0
2024-01-04T03:35:00+00:00,9725.045333652677,9725.045333652677,0.027495466634732294,0,0
2024-01-04T03:40:00+00:00,9725.045333652677,9725.045333652677,0.027495466634732294,0,0
2024-01-04T03:45:00+00:00,9725.045333652677,9725.045333652677,0.027495466634732294,0,0
2024-01-04T03:50:00+00:00,9725.045333652677,9725.045333652677,0.027495466634732294,0,0
2024-01-04T03:55:00+00:00,9725.045333652677,9725.045333652677,0.027495466634732294,0,0
2024-01-04T04:00:00+00:00,9725.045333652677,9725.045333652677,0.027495466634732294,0,0
2024-01-04T04:05:00+00:00,9725.045333652677,9725.045333652677,0.027495466634732294,0,0
2024-01-04T04:10:00+00:00,9725.045333652677,9725.045333652677,0.027495466634732294,0,0
2024-01-04T04:15:00+00:00,9725.045333652677,9725.045333652677,0.027495466634732294,0,0
2024-01-04T04:20:00+00:00,9725.045333652677,9725.045333652677,0.027495466634732294,0,0
2024-01-04T04:25:00+00:00,9725.045333652677,9725.045333652677,0.027495466634732294,0,0
2024-01-04T04:30:00+00:00,9725.045333652677,9725.045333652677,0.027495466634732294,0,0
2024-01-04T04:35:00+00:00,9725.045333652677,9725.045333652677,0.027495466634732294,0,0
2024-01-04T04:40:00+00:00,9725.045333652677,9725.045333652677,0.027495466634732294,0,0
2024-01-04T04:45:00+00:00,9725.045333652677,9725.045333652677,0.027495466634732294,0,0
2024-01-04T04:50:00+00:00,9725.045333652677,9725.045333652677,0.027495466634732294,0,0
2024-01-04T04:55:00+00:00,9725.045333652677,9725.045333652677,0.027495466634732294,0,0
2024-01-04T05:00:00+00:00,9725.045333652677,9725.045333652677,0.027495466634732294,0,0
2024-01-04T05:05:00+00:00,9725.045333652677,9725.045333652677,0.027495466634732294,0,0
2024-01-04T05:10:00+00:00,9725.045333652677,9725.045333652677,0.027495466634732294,0,0
2024-01-04T05:15:00+00:00,9725.045333652677,9725.045333652677,0.027495466634732294,0,0
2024-01-04T05:20:00+00:00,9725.045333652677,9725.045333652677,0.027495466634732294,0,0
2024-01-04T05:25:00+00:00,9725.045333652677,9725.045333652677,0.027495466634732294,0,0
2024-01-04T05:30:00+00:00,9725.045333652677,9725.045333652677,0.027495466634732294,0,0
2024-01-04T05:35:00+00:00,9725.045333652677,9725.045333652677,0.027495466634732294,0,0
2024-01-04T05:40:00+00:00,9725.045333652677,9725.045333652677,0.027495466634732294,0,0
2024-01-04T05:45:00+00:00,9725.045333652677,9725.045333652677,0.027495466634732294,0,0
2024-01-04T05:50:00+00:00,9725.045333652677,9725.045333652677,0.027495466634732294,0,0
2024-01-04T05:55:00+00:00,9725.045333652677,9725.045333652677,0.027495466634732294,0,0
2024-01-04T06:00:00+00:00,9725.045333652677,9725.045333652677,0.027495466634732294,0,0
2024-01-04T06:05:00+00:00,9725.045333652677,9725.045333652677,0.027495466634732294,0,0
2024-01-04T06:10:00+00:00,9725.045333652677,9725.045333652677,0.027495466634732294,0,0
2024-01-04T06:15:00+00:00,9725.045333652677,9725.045333652677,0.027495466634732294,0,0
2024-01-04T06:20:00+00:00,9725.045333652677,9725.045333652677,0.027495466634732294,0,0
2024-01-04T06:25:00+00:00,9725.045333652677,9725.045333652677,0.027495466634732294,0,0
2024-01-04T06:30:00+00:00,9725.045333652677,9725.045333652677,0.027495466634732294,0,0
2024-01-04T06:35:00+00:00,9725.045333652677,9725.045333652677,0.027495466634732294,0,0
2024-01-04T06:40:00+00:00,9725.045333652677,9725.045333652677,0.027495466634732294,0,0
2024-01-04T06:45:00+00:00,9725.045333652677,9725.045333652677,0.027495466634732294,0,0
2024-01-04T06:50:00+00:00,9725.045333652677,9725.045333652677,0.027495466634732294,0,0
2024-01-04T06:55:00+00:00,9725.045333652677,9725.045333652677,0.027495466634732294,0,0
2024-01-04T07:00:00+00:00,9725.045333652677,9725.045333652677,0.027495466634732294,0,0
2024-01-04T07:05:00+00:00,9725.045333652677,9725.045333652677,0.027495466634732294,0,0
2024-01-04T07:10:00+00:00,9725.045333652677,9725.045333652677,0.027495466634732294,0,0
2024-01-04T07:15:00+00:00,9725.045333652677,9725.045333652677,0.027495466634732294,0,0
2024-01-04T07:20:00+00:00,9725.045333652677,9725.045333652677,0.027495466634732294,0,0
2024-01-04T07:25:00+00:00,9725.045333652677,9725.045333652677,0.027495466634732294,0,0
2024-01-04T07:30:00+00:00,9725.045333652677,9725.045333652677,0.027495466634732294,0,0
2024-01-04T07:35:00+00:00,9725.045333652677,9725.045333652677,0.027495466634732294,0,0
2024-01-04T07:40:00+00:00,9725.045333652677,9725.045333652677,0.027495466634732294,0,0
2024-01-04T07:45:00+00:00,9725.045333652677,9725.045333652677,0.027495466634732294,0,0
2024-01-04T07:50:00+00:00,9725.045333652677,9725.045333652677,0.027495466634732294,0,0
2024-01-04T07:55:00+00:00,9725.045333652677,9725.045333652677,0.027495466634732294,0,0
2024-01-04T08:00:00+00:00,9725.045333652677,9725.045333652677,0.027495466634732294,0,0
2024-01-04T08:05:00+00:00,9725.045333652677,9725.045333652677,0.027495466634732294,0,0
2024-01-04T08:10:00+00:00,9725.045333652677,9725.045333652677,0.027495466634732294,0,0
2024-01-04T08:15:00+00:00,9725.045333652677,9725.045333652677,0.027495466634732294,0,0
2024-01-04T08:20:00+00:00,9725.045333652677,9725.045333652677,0.027495466634732294,0,0
2024-01-04T08:25:00+00:00,9725.045333652677,9725.045333652677,0.027495466634732294,0,0
2024-01-04T08:30:00+00:00,9725.045333652677,9725.045333652677,0.027495466634732294,0,0
2024-01-04T08:35:00+00:00,9725.045333652677,9725.045333652677,0.027495466634732294,0,0
2024-01-04T08:40:00+00:00,9725.045333652677,9725.045333652677,0.027495466634732294,0,0
2024-01-04T08:45:00+00:00,9725.045333652677,9725.045333652677,0.027495466634732294,0,0
2024-01-04T08:50:00+00:00,9725.045333652677,9725.045333652677,0.027495466634732294,0,0
2024-01-04T08:55:00+00:00,9725.045333652677,9725.045333652677,0.027495466634732294,0,0
2024-01-04T09:00:00+00:00,9725.045333652677,9725.045333652677,0.027495466634732294,0,0
2024-01-04T09:05:00+00:00,9725.045333652677,9725.045333652677,0.027495466634732294,0,0
2024-01-04T09:10:00+00:00,9725.045333652677,9725.045333652677,0.027495466634732294,0,0
2024-01-04T09:15:00+00:00,9725.045333652677,9725.045333652677,0.027495466634732294,0,0
2024-01-04T09:20:00+00:00,9725.045333652677,9725.045333652677,0.027495466634732294,0,0
2024-01-04T09:25:00+00:00,9725.045333652677,9725.045333652677,0.027495466634732294,0,0
2024-01-04T09:30:00+00:00,9725.045333652677,9725.045333652677,0.027495466634732294,0,0
2024-01-04T09:35:00+00:00,9725.045333652677,9725.045333652677,0.027495466634732294,0,0
2024-01-04T09:40:00+00:00,9725.045333652677,9725.045333652677,0.027495466634732294,0,0
2024-01-04T09:45:00+00:00,9725.045333652677,9725.045333652677,0.027495466634732294,0,0
2024-01-04T09:50:00+00:00,9725.045333652677,9725.045333652677,0.027495466634732294,0,0
2024-01-04T09:55:00+00:00,9725.045333652677,9725.045333652677,0.027495466634732294,0,0
2024-01-04T10:00:00+00:00,9725.045333652677,9725.045333652677,0.027495466634732294,0,0
2024-01-04T10:05:00+00:00,9725.045333652677,9725.045333652677,0.027495466634732294,0,0
2024-01-04T10:10:00+00:00,9725.045333652677,9725.045333652677,0.027495466634732294,0,0
2024-01-04T10:15:00+00:00,9725.045333652677,9725.045333652677,0.027495466634732294,0,0
2024-01-04T10:20:00+00:00,9725.045333652677,9725.045333652677,0.027495466634732294,0,0
2024-01-04T10:25:00+00:00,9725.045333652677,9725.045333652677,0.027495466634732294,0,0
2024-01-04T10:30:00+00:00,9725.045333652677,9725.045333652677,0.027495466634732294,0,0
2024-01-04T10:35:00+00:00,9725.045333652677,9725.045333652677,0.027495466634732294,0,0
2024-01-04T10:40:00+00:00,9725.045333652677,9725.045333652677,0.027495466634732294,0,0
2024-01-04T10:45:00+00:00,9725.045333652677,9725.045333652677,0.027495466634732294,0,0
2024-01-04T10:50:00+00:00,9725.045333652677,9725.045333652677,0.027495466634732294,0,0
2024-01-04T10:55:00+00:00,9725.045333652677,9725.045333652677,0.027495466634732294,0,0
2024-01-04T11:00:00+00:00,9725.045333652677,9725.045333652677,0.027495466634732294,0,0
2024-01-04T11:05:00+00:00,9725.045333652677,9725.045333652677,0.027495466634732294,0,0
2024-01-04T11:10:00+00:00,9725.045333652677,9725.045333652677,0.027495466634732294,0,0
2024-01-04T11:15:00+00:00,9725.045333652677,9725.045333652677,0.027495466634732294,0,0
2024-01-04T11:20:00+00:00,9725.045333652677,9725.045333652677,0.027495466634732294,0,0
2024-01-04T11:25:00+00:00,9725.045333652677,9725.045333652677,0.027495466634732294,0,0
2024-01-04T11:30:00+00:00,9725.045333652677,9725.045333652677,0.027495466634732294,0,0
2024-01-04T11:35:00+00:00,9725.045333652677,9725.045333652677,0.027495466634732294,0,0
2024-01-04T11:40:00+00:00,9725.045333652677,9725.045333652677,0.027495466634732294,0,0
2024-01-04T11:45:00+00:00,9725.045333652677,9725.045333652677,0.027495466634732294,0,0
2024-01-04T11:50:00+00:00,9725.045333652677,9725.045333652677,0.027495466634732294,0,0
2024-01-04T11:55:00+00:00,9725.045333652677,9725.045333652677,0.027495466634732294,0,0
2024-01-04T12:00:00+00:00,9725.045333652677,9725.045333652677,0.027495466634732294,0,0
2024-01-04T12:05:00+00:00,9725.045333652677,9725.045333652677,0.027495466634732294,0,0
2024-01-04T12:10:00+00:00,9725.045333652677,9725.045333652677,0.027495466634732294,0,0
2024-01-04T12:15:00+00:00,9725.045333652677,9725.045333652677,0.027495466634732294,0,0
2024-01-04T12:20:00+00:00,9725.045333652677,9725.045333652677,0.027495466634732294,0,0
2024-01-04T12:25:00+00:00,9725.045333652677,9725.045333652677,0.027495466634732294,0,0
2024-01-04T12:30:00+00:00,9725.045333652677,9725.045333652677,0.027495466634732294,0,0
2024-01-04T12:35:00+00:00,9725.045333652677,9725.045333652677,0.027495466634732294,0,0
2024-01-04T12:40:00+00:00,9725.045333652677,9725.045333652677,0.027495466634732294,0,0
2024-01-04T12:45:00+00:00,9725.045333652677,9725.045333652677,0.027495466634732294,0,0
2024-01-04T12:50:00+00:00,9725.045333652677,9725.045333652677,0.027495466634732294,0,0
2024-01-04T12:55:00+00:00,9725.045333652677,9725.045333652677,0.027495466634732294,0,0
2024-01-04T13:00:00+00:00,9725.045333652677,9725.045333652677,0.027495466634732294,0,0
2024-01-04T13:05:00+00:00,9725.045333652677,9725.045333652677,0.027495466634732294,0,0
2024-01-04T13:10:00+00:00,9725.045333652677,9725.045333652677,0.027495466634732294,0,0
2024-01-04T13:15:00+00:00,9725.045333652677,9725.045333652677,0.027495466634732294,0,0
2024-01-04T13:20:00+00:00,9725.045333652677,9725.045333652677,0.027495466634732294,0,0
2024-01-04T13:25:00+00:00,9725.045333652677,9725.045333652677,0.027495466634732294,0,0
2024-01-04T13:30:00+00:00,9725.045333652677,9725.045333652677,0.027495466634732294,0,0
2024-01-04T13:35:00+00:00,9725.045333652677,9725.045333652677,0.027495466634732294,0,0
2024-01-04T13:40:00+00:00,9725.045333652677,9725.045333652677,0.027495466634732294,0,0
2024-01-04T13:45:00+00:00,9725.045333652677,9725.045333652677,0.027495466634732294,0,0
2024-01-04T13:50:00+00:00,9725.045333652677,9725.045333652677,0.027495466634732294,0,0
2024-01-04T13:55:00+00:00,9725.045333652677,9725.045333652677,0.027495466634732294,0,0
2024-01-04T14:00:00+00:00,9725.045333652677,9725.045333652677,0.027495466634732294,0,0
2024-01-04T14:05:00+00:00,9725.045333652677,9725.045333652677,0.027495466634732294,0,0
2024-01-04T14:10:00+00:00,9725.045333652677,9725.045333652677,0.027495466634732294,0,0
2024-01-04T14:15:00+00:00,9725.045333652677,9725.045333652677,0.027495466634732294,0,0
2024-01-04T14:20:00+00:00,9725.045333652677,9725.045333652677,0.027495466634732294,0,0
2024-01-04T14:25:00+00:00,9725.045333652677,9725.045333652677,0.027495466634732294,0,0
2024-01-04T14:30:00+00:00,9725.045333652677,9725.045333652677,0.027495466634732294,0,0
2024-01-04T14:35:00+00:00,9725.045333652677,9725.045333652677,0.027495466634732294,0,0
2024-01-04T14:40:00+00:00,9725.045333652677,9725.045333652677,0.027495466634732294,0,0
2024-01-04T14:45:00+00:00,9725.045333652677,9725.045333652677,0.027495466634732294,0,0
2024-01-04T14:50:00+00:00,9725.045333652677,9725.045333652677,0.027495466634732294,0,0
2024-01-04T14:55:00+00:00,9725.045333652677,9725.045333652677,0.027495466634732294,0,0
2024-01-04T15:00:00+00:00,9725.045333652677,9725.045333652677,0.027495466634732294,0,0
2024-01-04T15:05:00+00:00,9725.045333652677,9725.045333652677,0.027495466634732294,0,0
2024-01-04T15:10:00+00:00,9725.045333652677,9725.045333652677,0.027495466634732294,0,0
2024-01-04T15:15:00+00:00,9725.045333652677,9725.045333652677,0.027495466634732294,0,0
2024-01-04T15:20:00+00:00,9725.045333652677,9725.045333652677,0.027495466634732294,0,0
2024-01-04T15:25:00+00:00,9725.045333652677,9725.045333652677,0.027495466634732294,0,0
2024-01-04T15:30:00+00:00,9725.045333652677,9725.045333652677,0.027495466634732294,0,0
2024-01-04T15:35:00+00:00,9725.045333652677,9725.045333652677,0.027495466634732294,0,0
2024-01-04T15:40:00+00:00,9725.045333652677,9725.045333652677,0.027495466634732294,0,0
2024-01-04T15:45:00+00:00,9725.045333652677,9725.045333652677,0.027495466634732294,0,0
2024-01-04T15:50:00+00:00,9725.045333652677,9725.045333652677,0.027495466634732294,0,0
2024-01-04T15:55:00+00:00,9725.045333652677,9725.045333652677,0.027495466634732294,0,0
2024-01-04T16:00:00+00:00,9725.045333652677,9725.045333652677,0.027495466634732294,0,0
2024-01-04T16:05:00+00:00,9725.045333652677,9725.045333652677,0.027495466634732294,0,0
2024-01-04T16:10:00+00:00,9725.045333652677,9725.045333652677,0.027495466634732294,0,0
2024-01-04T16:15:00+00:00,9725.045333652677,9725.045333652677,0.027495466634732294,0,0
2024-01-04T16:20:00+00:00,9725.045333652677,9725.045333652677,0.027495466634732294,0,0
2024-01-04T16:25:00+00:00,9725.045333652677,9725.045333652677,0.027495466634732294,0,0
2024-01-04T16:30:00+00:00,9725.045333652677,9725.045333652677,0.027495466634732294,0,0
2024-01-04T16:35:00+00:00,9725.045333652677,9725.045333652677,0.027495466634732294,0,0
2024-01-04T16:40:00+00:00,9725.045333652677,9725.045333652677,0.027495466634732294,0,0
2024-01-04T16:45:00+00:00,9725.045333652677,9725.045333652677,0.027495466634732294,0,0
2024-01-04T16:50:00+00:00,9725.045333652677,9725.045333652677,0.027495466634732294,0,0
2024-01-04T16:55:00+00:00,9725.045333652677,9725.045333652677,0.027495466634732294,0,0
2024-01-04T17:00:00+00:00,9725.045333652677,9725.045333652677,0.027495466634732294,0,0
2024-01-04T17:05:00+00:00,9725.045333652677,9725.045333652677,0.027495466634732294,0,0
2024-01-04T17:10:00+00:00,9725.045333652677,9725.045333652677,0.027495466634732294,0,0
2024-01-04T17:15:00+00:00,9725.045333652677,9725.045333652677,0.027495466634732294,0,0
2024-01-04T17:20:00+00:00,9725.045333652677,9725.045333652677,0.027495466634732294,0,0
2024-01-04T17:25:00+00:00,9725.045333652677,9725.045333652677,0.027495466634732294,0,0
2024-01-04T17:30:00+00:00,9725.045333652677,9725.045333652677,0.027495466634732294,0,0
2024-01-04T17:35:00+00:00,9725.045333652677,9725.045333652677,0.027495466634732294,0,0
2024-01-04T17:40:00+00:00,9725.045333652677,9725.045333652677,0.027495466634732294,0,0
2024-01-04T17:45:00+00:00,9725.045333652677,9725.045333652677,0.027495466634732294,0,0
2024-01-04T17:50:00+00:00,9725.045333652677,9725.045333652677,0.027495466634732294,0,0
2024-01-04T17:55:00+00:00,9725.045333652677,9725.045333652677,0.027495466634732294,0,0
2024-01-04T18:00:00+00:00,9725.045333652677,9725.045333652677,0.027495466634732294,0,0
2024-01-04T18:05:00+00:00,9725.045333652677,9725.045333652677,0.027495466634732294,0,0
2024-01-04T18:10:00+00:00,9725.045333652677,9725.045333652677,0.027495466634732294,0,0
2024-01-04T18:15:00+00:00,9725.045333652677,9725.045333652677,0.027495466634732294,0,0
2024-01-04T18:20:00+00:00,9725.045333652677,9725.045333652677,0.027495466634732294,0,0
2024-01-04T18:25:00+00:00,9725.045333652677,9725.045333652677,0.027495466634732294,0,0
2024-01-04T18:30:00+00:00,9725.045333652677,9725.045333652677,0.027495466634732294,0,0
2024-01-04T18:35:00+00:00,9725.045333652677,9725.045333652677,0.027495466634732294,0,0
2024-01-04T18:40:00+00:00,9725.045333652677,9725.045333652677,0.027495466634732294,0,0
2024-01-04T18:45:00+00:00,9725.045333652677,9725.045333652677,0.027495466634732294,0,0
2024-01-04T18:50:00+00:00,9725.045333652677,9725.045333652677,0.027495466634732294,0,0
2024-01-04T18:55:00+00:00,9725.045333652677,9725.045333652677,0.027495466634732294,0,0
2024-01-04T19:00:00+00:00,9725.045333652677,9725.045333652677,0.027495466634732294,0,0
2024-01-04T19:05:00+00:00,9725.045333652677,9725.045333652677,0.027495466634732294,0,0
2024-01-04T19:10:00+00:00,9725.045333652677,9725.045333652677,0.027495466634732294,0,0
2024-01-04T19:15:00+00:00,9725.045333652677,9725.045333652677,0.027495466634732294,0,0
2024-01-04T19:20:00+00:00,9725.045333652677,9725.045333652677,0.027495466634732294,0,0
2024-01-04T19:25:00+00:00,9725.045333652677,9725.045333652677,0.027495466634732294,0,0
2024-01-04T19:30:00+00:00,9725.045333652677,9725.045333652677,0.027495466634732294,0,0
2024-01-04T19:35:00+00:00,9725.045333652677,9725.045333652677,0.027495466634732294,0,0
2024-01-04T19:40:00+00:00,9725.045333652677,9725.045333652677,0.027495466634732294,0,0
2024-01-04T19:45:00+00:00,9725.045333652677,9725.045333652677,0.027495466634732294,0,0
2024-01-04T19:50:00+00:00,9725.045333652677,9725.045333652677,0.027495466634732294,0,0
2024-01-04T19:55:00+00:00,9725.045333652677,9725.045333652677,0.027495466634732294,0,0
2024-01-04T20:00:00+00:00,9725.045333652677,9725.045333652677,0.027495466634732294,0,0
2024-01-04T20:05:00+00:00,9725.045333652677,9725.045333652677,0.027495466634732294,0,0
2024-01-04T20:10:00+00:00,9725.045333652677,9725.045333652677,0.027495466634732294,0,0
2024-01-04T20:15:00+00:00,9725.045333652677,9725.045333652677,0.027495466634732294,0,0
2024-01-04T20:20:00+00:00,9725.045333652677,9725.045333652677,0.027495466634732294,0,0
2024-01-04T20:25:00+00:00,9725.045333652677,9725.045333652677,0.027495466634732294,0,0
2024-01-04T20:30:00+00:00,9725.045333652677,9725.045333652677,0.027495466634732294,0,0
2024-01-04T20:35:00+00:00,9725.045333652677,9725.045333652677,0.027495466634732294,0,0
2024-01-04T20:40:00+00:00,9725.045333652677,9725.045333652677,0.027495466634732294,0,0
2024-01-04T20:45:00+00:00,9725.045333652677,9725.045333652677,0.027495466634732294,0,0
2024-01-04T20:50:00+00:00,9725.045333652677,9725.045333652677,0.027495466634732294,0,0
2024-01-04T20:55:00+00:00,9725.045333652677,9725.045333652677,0.027495466634732294,0,0
2024-01-04T21:00:00+00:00,9725.045333652677,9725.045333652677,0.027495466634732294,0,0
2024-01-04T21:05:00+00:00,9725.045333652677,9725.045333652677,0.027495466634732294,0,0
2024-01-04T21:10:00+00:00,9725.045333652677,9725.045333652677,0.027495466634732294,0,0
2024-01-04T21:15:00+00:00,9725.045333652677,9725.045333652677,0.027495466634732294,0,0
2024-01-04T21:20:00+00:00,9725.045333652677,9725.045333652677,0.027495466634732294,0,0
2024-01-04T21:25:00+00:00,9725.045333652677,9725.045333652677,0.027495466634732294,0,0
2024-01-04T21:30:00+00:00,9725.045333652677,9725.045333652677,0.027495466634732294,0,0
2024-01-04T21:35:00+00:00,9725.045333652677,9725.045333652677,0.027495466634732294,0,0
2024-01-04T21:40:00+00:00,9725.045333652677,9725.045333652677,0.027495466634732294,0,0
2024-01-04T21:45:00+00:00,9725.045333652677,9725.045333652677,0.027495466634732294,0,0
2024-01-04T21:50:00+00:00,9725.045333652677,9725.045333652677,0.027495466634732294,0,0
2024-01-04T21:55:00+00:00,9725.045333652677,9725.045333652677,0.027495466634732294,0,0
2024-01-04T22:00:00+00:00,9725.045333652677,9725.045333652677,0.027495466634732294,0,0
2024-01-04T22:05:00+00:00,9725.045333652677,9725.045333652677,0.027495466634732294,0,0
2024-01-04T22:10:00+00:00,9725.045333652677,9725.045333652677,0.027495466634732294,0,0
2024-01-04T22:15:00+00:00,9725.045333652677,9725.045333652677,0.027495466634732294,0,0
2024-01-04T22:20:00+00:00,9725.045333652677,9725.045333652677,0.027495466634732294,0,0
2024-01-04T22:25:00+00:00,9725.045333652677,9725.045333652677,0.027495466634732294,0,0
2024-01-04T22:30:00+00:00,9725.045333652677,9725.045333652677,0.027495466634732294,0,0
2024-01-04T22:35:00+00:00,9725.045333652677,9725.045333652677,0.027495466634732294,0,0
2024-01-04T22:40:00+00:00,9725.045333652677,9725.045333652677,0.027495466634732294,0,0
2024-01-04T22:45:00+00:00,9725.045333652677,9725.045333652677,0.027495466634732294,0,0
2024-01-04T22:50:00+00:00,9725.045333652677,9725.045333652677,0.027495466634732294,0,0
2024-01-04T22:55:00+00:00,9725.045333652677,9725.045333652677,0.027495466634732294,0,0
2024-01-04T23:00:00+00:00,9725.045333652677,9725.045333652677,0.027495466634732294,0,0
2024-01-04T23:05:00+00:00,9725.045333652677,9725.045333652677,0.027495466634732294,0,0
2024-01-04T23:10:00+00:00,9725.045333652677,9725.045333652677,0.027495466634732294,0,0
2024-01-04T23:15:00+00:00,9725.045333652677,9725.045333652677,0.027495466634732294,0,0
2024-01-04T23:20:00+00:00,9725.045333652677,9725.045333652677,0.027495466634732294,0,0
2024-01-04T23:25:00+00:00,9725.045333652677,9725.045333652677,0.027495466634732294,0,0
2024-01-04T23:30:00+00:00,9725.045333652677,9725.045333652677,0.027495466634732294,0,0
2024-01-04T23:35:00+00:00,9725.045333652677,9725.045333652677,0.027495466634732294,0,0
2024-01-04T23:40:00+00:00,9725.045333652677,9725.045333652677,0.027495466634732294,0,0
2024-01-04T23:45:00+00:00,9725.045333652677,9725.045333652677,0.027495466634732294,0,0
2024-01-04T23:50:00+00:00,9725.045333652677,9725.045333652677,0.027495466634732294,0,0
2024-01-04T23:55:00+00:00,9725.045333652677,9725.045333652677,0.027495466634732294,0,0
2024-01-05T00:00:00+00:00,9725.045333652677,9725.045333652677,0.027495466634732294,0,0
2024-01-05T00:05:00+00:00,9725.045333652677,9725.045333652677,0.027495466634732294,0,0
2024-01-05T00:10:00+00:00,9725.045333652677,9725.045333652677,0.027495466634732294,0,0
2024-01-05T00:15:00+00:00,9725.045333652677,9725.045333652677,0.027495466634732294,0,0
2024-01-05T00:20:00+00:00,9725.045333652677,9725.045333652677,0.027495466634732294,0,0
2024-01-05T00:25:00+00:00,9725.045333652677,9725.045333652677,0.027495466634732294,0,0
2024-01-05T00:30:00+00:00,9725.045333652677,9725.045333652677,0.027495466634732294,0,0
2024-01-05T00:35:00+00:00,9725.045333652677,9725.045333652677,0.027495466634732294,0,0
2024-01-05T00:40:00+00:00,9725.045333652677,9725.045333652677,0.027495466634732294,0,0
2024-01-05T00:45:00+00:00,9725.045333652677,9725.045333652677,0.027495466634732294,0,0
2024-01-05T00:50:00+00:00,9725.045333652677,9725.045333652677,0.027495466634732294,0,0
2024-01-05T00:55:00+00:00,9725.045333652677,9725.045333652677,0.027495466634732294,0,0
2024-01-05T01:00:00+00:00,9725.045333652677,9725.045333652677,0.027495466634732294,0,0
2024-01-05T01:05:00+00:00,9725.045333652677,9725.045333652677,0.027495466634732294,0,0
2024-01-05T01:10:00+00:00,9725.045333652677,9725.045333652677,0.027495466634732294,0,0
2024-01-05T01:15:00+00:00,9725.045333652677,9725.045333652677,0.027495466634732294,0,0
2024-01-05T01:20:00+00:00,9725.045333652677,9725.045333652677,0.027495466634732294,0,0
2024-01-05T01:25:00+00:00,9725.045333652677,9725.045333652677,0.027495466634732294,0,0
2024-01-05T01:30:00+00:00,9725.045333652677,9725.045333652677,0.027495466634732294,0,0
2024-01-05T01:35:00+00:00,9725.045333652677,9725.045333652677,0.027495466634732294,0,0
2024-01-05T01:40:00+00:00,9725.045333652677,9725.045333652677,0.027495466634732294,0,0
2024-01-05T01:45:00+00:00,9725.045333652677,9725.045333652677,0.027495466634732294,0,0
2024-01-05T01:50:00+00:00,9725.045333652677,9725.045333652677,0.027495466634732294,0,0
2024-01-05T01:55:00+00:00,9725.045333652677,9725.045333652677,0.027495466634732294,0,0
2024-01-05T02:00:00+00:00,9725.045333652677,9725.045333652677,0.027495466634732294,0,0
2024-01-05T02:05:00+00:00,9725.045333652677,9725.045333652677,0.027495466634732294,0,0
2024-01-05T02:10:00+00:00,9725.045333652677,9725.045333652677,0.027495466634732294,0,0
2024-01-05T02:15:00+00:00,9725.045333652677,9725.045333652677,0.027495466634732294,0,0
2024-01-05T02:20:00+00:00,9725.045333652677,9725.045333652677,0.027495466634732294,0,0
2024-01-05T02:25:00+00:00,9725.045333652677,9725.045333652677,0.027495466634732294,0,0
2024-01-05T02:30:00+00:00,9725.045333652677,9725.045333652677,0.027495466634732294,0,0
2024-01-05T02:35:00+00:00,9725.045333652677,9725.045333652677,0.027495466634732294,0,0
2024-01-05T02:40:00+00:00,9725.045333652677,9725.045333652677,0.027495466634732294,0,0
2024-01-05T02:45:00+00:00,9725.045333652677,9725.045333652677,0.027495466634732294,0,0
2024-01-05T02:50:00+00:00,9725.045333652677,9725.045333652677,0.027495466634732294,0,0
2024-01-05T02:55:00+00:00,9725.045333652677,9725.045333652677,0.027495466634732294,0,0
2024-01-05T03:00:00+00:00,9725.045333652677,9725.045333652677,0.027495466634732294,0,0
2024-01-05T03:05:00+00:00,9725.045333652677,9725.045333652677,0.027495466634732294,0,0
2024-01-05T03:10:00+00:00,9725.045333652677,9725.045333652677,0.027495466634732294,0,0
2024-01-05T03:15:00+00:00,9725.045333652677,9725.045333652677,0.027495466634732294,0,0
2024-01-05T03:20:00+00:00,9725.045333652677,9725.045333652677,0.027495466634732294,0,0
2024-01-05T03:25:00+00:00,9725.045333652677,9725.045333652677,0.027495466634732294,0,0
2024-01-05T03:30:00+00:00,9725.045333652677,9725.045333652677,0.027495466634732294,0,0
2024-01-05T03:35:00+00:00,9725.045333652677,9725.045333652677,0.027495466634732294,0,0
2024-01-05T03:40:00+00:00,9725.045333652677,9725.045333652677,0.027495466634732294,0,0
2024-01-05T03:45:00+00:00,9725.045333652677,9725.045333652677,0.027495466634732294,0,0
2024-01-05T03:50:00+00:00,9725.045333652677,9725.045333652677,0.027495466634732294,0,0
2024-01-05T03:55:00+00:00,9725.045333652677,9725.045333652677,0.027495466634732294,0,0
2024-01-05T04:00:00+00:00,9725.045333652677,9725.045333652677,0.027495466634732294,0,0
2024-01-05T04:05:00+00:00,9725.045333652677,9725.045333652677,0.027495466634732294,0,0
2024-01-05T04:10:00+00:00,9725.045333652677,9725.045333652677,0.027495466634732294,0,0
2024-01-05T04:15:00+00:00,9725.045333652677,9725.045333652677,0.027495466634732294,0,0
2024-01-05T04:20:00+00:00,9725.045333652677,9725.045333652677,0.027495466634732294,0,0
2024-01-05T04:25:00+00:00,9725.045333652677,9725.045333652677,0.027495466634732294,0,0
2024-01-05T04:30:00+00:00,9725.045333652677,9725.045333652677,0.027495466634732294,0,0
2024-01-05T04:35:00+00:00,9725.045333652677,9725.045333652677,0.027495466634732294,0,0
2024-01-05T04:40:00+00:00,9725.045333652677,9725.045333652677,0.027495466634732294,0,0
2024-01-05T04:45:00+00:00,9725.045333652677,9725.045333652677,0.027495466634732294,0,0
2024-01-05T04:50:00+00:00,9725.045333652677,9725.045333652677,0.027495466634732294,0,0
2024-01-05T04:55:00+00:00,9725.045333652677,9725.045333652677,0.027495466634732294,0,0
2024-01-05T05:00:00+00:00,9725.045333652677,9725.045333652677,0.027495466634732294,0,0
2024-01-05T05:05:00+00:00,9725.045333652677,9725.045333652677,0.027495466634732294,0,0
2024-01-05T05:10:00+00:00,9725.045333652677,9725.045333652677,0.027495466634732294,0,0
2024-01-05T05:15:00+00:00,9725.045333652677,9725.045333652677,0.027495466634732294,0,0
2024-01-05T05:20:00+00:00,9725.045333652677,9725.045333652677,0.027495466634732294,0,0
2024-01-05T05:25:00+00:00,9725.045333652677,9725.045333652677,0.027495466634732294,0,0
2024-01-05T05:30:00+00:00,9725.045333652677,9725.045333652677,0.027495466634732294,0,0
2024-01-05T05:35:00+00:00,9725.045333652677,9725.045333652677,0.027495466634732294,0,0
2024-01-05T05:40:00+00:00,9725.045333652677,9725.045333652677,0.027495466634732294,0,0
2024-01-05T05:45:00+00:00,9725.045333652677,9725.045333652677,0.027495466634732294,0,0
2024-01-05T05:50:00+00:00,9725.045333652677,9725.045333652677,0.027495466634732294,0,0
2024-01-05T05:55:00+00:00,9725.045333652677,9725.045333652677,0.027495466634732294,0,0
2024-01-05T06:00:00+00:00,9725.045333652677,9725.045333652677,0.027495466634732294,0,0
2024-01-05T06:05:00+00:00,9725.045333652677,9725.045333652677,0.027495466634732294,0,0
2024-01-05T06:10:00+00:00,9725.045333652677,9725.045333652677,0.027495466634732294,0,0
2024-01-05T06:15:00+00:00,9725.045333652677,9725.045333652677,0.027495466634732294,0,0
2024-01-05T06:20:00+00:00,9725.045333652677,9725.045333652677,0.027495466634732294,0,0
2024-01-05T06:25:00+00:00,9725.045333652677,9725.045333652677,0.027495466634732294,0,0
2024-01-05T06:30:00+00:00,9725.045333652677,9725.045333652677,0.027495466634732294,0,0
2024-01-05T06:35:00+00:00,9725.045333652677,9725.045333652677,0.027495466634732294,0,0
2024-01-05T06:40:00+00:00,9725.045333652677,9725.045333652677,0.027495466634732294,0,0
2024-01-05T06:45:00+00:00,9725.045333652677,9725.045333652677,0.027495466634732294,0,0
2024-01-05T06:50:00+00:00,9725.045333652677,9725.045333652677,0.027495466634732294,0,0
2024-01-05T06:55:00+00:00,9725.045333652677,9725.045333652677,0.027495466634732294,0,0
2024-01-05T07:00:00+00:00,9725.045333652677,9725.045333652677,0.027495466634732294,0,0
2024-01-05T07:05:00+00:00,9725.045333652677,9725.045333652677,0.027495466634732294,0,0
2024-01-05T07:10:00+00:00,9725.045333652677,9725.045333652677,0.027495466634732294,0,0
2024-01-05T07:15:00+00:00,9725.045333652677,9725.045333652677,0.027495466634732294,0,0
2024-01-05T07:20:00+00:00,9725.045333652677,9725.045333652677,0.027495466634732294,0,0
2024-01-05T07:25:00+00:00,9725.045333652677,9725.045333652677,0.027495466634732294,0,0
2024-01-05T07:30:00+00:00,9725.045333652677,9725.045333652677,0.027495466634732294,0,0
2024-01-05T07:35:00+00:00,9725.045333652677,9725.045333652677,0.027495466634732294,0,0
2024-01-05T07:40:00+00:00,9725.045333652677,9725.045333652677,0.027495466634732294,0,0
2024-01-05T07:45:00+00:00,9725.045333652677,9725.045333652677,0.027495466634732294,0,0
2024-01-05T07:50:00+00:00,9725.045333652677,9725.045333652677,0.027495466634732294,0,0
2024-01-05T07:55:00+00:00,9725.045333652677,9725.045333652677,0.027495466634732294,0,0
2024-01-05T08:00:00+00:00,9725.045333652677,9725.045333652677,0.027495466634732294,0,0
2024-01-05T08:05:00+00:00,9725.045333652677,9725.045333652677,0.027495466634732294,0,0
2024-01-05T08:10:00+00:00,9725.045333652677,9725.045333652677,0.027495466634732294,0,0
2024-01-05T08:15:00+00:00,9725.045333652677,9725.045333652677,0.027495466634732294,0,0
2024-01-05T08:20:00+00:00,9725.045333652677,9725.045333652677,0.027495466634732294,0,0
2024-01-05T08:25:00+00:00,9725.045333652677,9725.045333652677,0.027495466634732294,0,0
2024-01-05T08:30:00+00:00,9725.045333652677,9725.045333652677,0.027495466634732294,0,0
2024-01-05T08:35:00+00:00,9725.045333652677,9725.045333652677,0.027495466634732294,0,0
2024-01-05T08:40:00+00:00,9725.045333652677,9725.045333652677,0.027495466634732294,0,0
2024-01-05T08:45:00+00:00,9725.045333652677,9725.045333652677,0.027495466634732294,0,0
2024-01-05T08:50:00+00:00,9725.045333652677,9725.045333652677,0.027495466634732294,0,0
2024-01-05T08:55:00+00:00,9725.045333652677,9725.045333652677,0.027495466634732294,0,0
2024-01-05T09:00:00+00:00,9725.045333652677,9725.045333652677,0.027495466634732294,0,0
2024-01-05T09:05:00+00:00,9725.045333652677,9725.045333652677,0.027495466634732294,0,0
2024-01-05T09:10:00+00:00,9725.045333652677,9725.045333652677,0.027495466634732294,0,0
2024-01-05T09:15:00+00:00,9725.045333652677,9725.045333652677,0.027495466634732294,0,0
2024-01-05T09:20:00+00:00,9725.045333652677,9725.045333652677,0.027495466634732294,0,0
2024-01-05T09:25:00+00:00,9725.045333652677,9725.045333652677,0.027495466634732294,0,0
2024-01-05T09:30:00+00:00,9725.045333652677,9725.045333652677,0.027495466634732294,0,0
2024-01-05T09:35:00+00:00,9725.045333652677,9725.045333652677,0.027495466634732294,0,0
2024-01-05T09:40:00+00:00,9725.045333652677,9725.045333652677,0.027495466634732294,0,0
2024-01-05T09:45:00+00:00,9725.045333652677,9725.045333652677,0.027495466634732294,0,0
2024-01-05T09:50:00+00:00,9725.045333652677,9725.045333652677,0.027495466634732294,0,0
2024-01-05T09:55:00+00:00,9725.045333652677,9725.045333652677,0.027495466634732294,0,0
2024-01-05T10:00:00+00:00,9725.045333652677,9725.045333652677,0.027495466634732294,0,0
2024-01-05T10:05:00+00:00,9725.045333652677,9725.045333652677,0.027495466634732294,0,0
2024-01-05T10:10:00+00:00,9725.045333652677,9725.045333652677,0.027495466634732294,0,0
2024-01-05T10:15:00+00:00,9725.045333652677,9725.045333652677,0.027495466634732294,0,0
2024-01-05T10:20:00+00:00,9725.045333652677,9725.045333652677,0.027495466634732294,0,0
2024-01-05T10:25:00+00:00,9725.045333652677,9725.045333652677,0.027495466634732294,0,0
2024-01-05T10:30:00+00:00,9725.045333652677,9725.045333652677,0.027495466634732294,0,0
2024-01-05T10:35:00+00:00,9725.045333652677,9725.045333652677,0.027495466634732294,0,0
2024-01-05T10:40:00+00:00,9725.045333652677,9725.045333652677,0.027495466634732294,0,0
2024-01-05T10:45:00+00:00,9725.045333652677,9725.045333652677,0.027495466634732294,0,0
2024-01-05T10:50:00+00:00,9725.045333652677,9725.045333652677,0.027495466634732294,0,0
2024-01-05T10:55:00+00:00,9725.045333652677,9725.045333652677,0.027495466634732294,0,0
2024-01-05T11:00:00+00:00,9725.045333652677,9725.045333652677,0.027495466634732294,0,0
2024-01-05T11:05:00+00:00,9725.045333652677,9725.045333652677,0.027495466634732294,0,0
2024-01-05T11:10:00+00:00,9725.045333652677,9725.045333652677,0.027495466634732294,0,0
2024-01-05T11:15:00+00:00,9725.045333652677,9725.045333652677,0.027495466634732294,0,0
2024-01-05T11:20:00+00:00,9725.045333652677,9725.045333652677,0.027495466634732294,0,0
2024-01-05T11:25:00+00:00,9725.045333652677,9725.045333652677,0.027495466634732294,0,0
2024-01-05T11:30:00+00:00,9725.045333652677,9725.045333652677,0.027495466634732294,0,0
2024-01-05T11:35:00+00:00,9725.045333652677,9725.045333652677,0.027495466634732294,0,0
2024-01-05T11:40:00+00:00,9725.045333652677,9725.045333652677,0.027495466634732294,0,0
2024-01-05T11:45:00+00:00,9725.045333652677,9725.045333652677,0.027495466634732294,0,0
2024-01-05T11:50:00+00:00,9725.045333652677,9725.045333652677,0.027495466634732294,0,0
2024-01-05T11:55:00+00:00,9725.045333652677,9725.045333652677,0.027495466634732294,0,0
2024-01-05T12:00:00+00:00,9725.045333652677,9725.045333652677,0.027495466634732294,0,0
2024-01-05T12:05:00+00:00,9725.045333652677,9725.045333652677,0.027495466634732294,0,0
2024-01-05T12:10:00+00:00,9725.045333652677,9725.045333652677,0.027495466634732294,0,0
2024-01-05T12:15:00+00:00,9725.045333652677,9725.045333652677,0.027495466634732294,0,0
2024-01-05T12:20:00+00:00,9725.045333652677,9725.045333652677,0.027495466634732294,0,0
2024-01-05T12:25:00+00:00,9725.045333652677,9725.045333652677,0.027495466634732294,0,0
2024-01-05T12:30:00+00:00,9725.045333652677,9725.045333652677,0.027495466634732294,0,0
2024-01-05T12:35:00+00:00,9725.045333652677,9725.045333652677,0.027495466634732294,0,0
2024-01-05T12:40:00+00:00,9725.045333652677,9725.045333652677,0.027495466634732294,0,0
2024-01-05T12:45:00+00:00,9725.045333652677,9725.045333652677,0.027495466634732294,0,0
2024-01-05T12:50:00+00:00,9725.045333652677,9725.045333652677,0.027495466634732294,0,0
2024-01-05T12:55:00+00:00,9725.045333652677,9725.045333652677,0.027495466634732294,0,0
2024-01-05T13:00:00+00:00,9725.045333652677,9725.045333652677,0.027495466634732294,0,0
2024-01-05T13:05:00+00:00,9725.045333652677,9725.045333652677,0.027495466634732294,0,0
2024-01-05T13:10:00+00:00,9725.045333652677,9725.045333652677,0.027495466634732294,0,0
2024-01-05T13:15:00+00:00,9725.045333652677,9725.045333652677,0.027495466634732294,0,0
2024-01-05T13:20:00+00:00,9725.045333652677,9725.045333652677,0.027495466634732294,0,0
2024-01-05T13:25:00+00:00,9725.045333652677,9725.045333652677,0.027495466634732294,0,0
2024-01-05T13:30:00+00:00,9725.045333652677,9725.045333652677,0.027495466634732294,0,0
2024-01-05T13:35:00+00:00,9725.045333652677,9725.045333652677,0.027495466634732294,0,0
2024-01-05T13:40:00+00:00,9725.045333652677,9725.045333652677,0.027495466634732294,0,0
2024-01-05T13:45:00+00:00,9725.045333652677,9725.045333652677,0.027495466634732294,0,0
2024-01-05T13:50:00+00:00,9725.045333652677,9725.045333652677,0.027495466634732294,0,0
2024-01-05T13:55:00+00:00,9725.045333652677,9725.045333652677,0.027495466634732294,0,0
2024-01-05T14:00:00+00:00,9725.045333652677,9725.045333652677,0.027495466634732294,0,0
2024-01-05T14:05:00+00:00,9725.045333652677,9725.045333652677,0.027495466634732294,0,0
2024-01-05T14:10:00+00:00,9725.045333652677,9725.045333652677,0.027495466634732294,0,0
2024-01-05T14:15:00+00:00,9725.045333652677,9725.045333652677,0.027495466634732294,0,0
2024-01-05T14:20:00+00:00,9725.045333652677,9725.045333652677,0.027495466634732294,0,0
2024-01-05T14:25:00+00:00,9725.045333652677,9725.045333652677,0.027495466634732294,0,0
2024-01-05T14:30:00+00:00,9725.045333652677,9725.045333652677,0.027495466634732294,0,0
2024-01-05T14:35:00+00:00,9725.045333652677,9725.045333652677,0.027495466634732294,0,0
2024-01-05T14:40:00+00:00,9725.045333652677,9725.045333652677,0.027495466634732294,0,0
2024-01-05T14:45:00+00:00,9725.045333652677,9725.045333652677,0.027495466634732294,0,0
2024-01-05T14:50:00+00:00,9725.045333652677,9725.045333652677,0.027495466634732294,0,0
2024-01-05T14:55:00+00:00,9725.045333652677,9725.045333652677,0.027495466634732294,0,0
2024-01-05T15:00:00+00:00,9725.045333652677,9725.045333652677,0.027495466634732294,0,0
2024-01-05T15:05:00+00:00,9725.045333652677,9725.045333652677,0.027495466634732294,0,0
2024-01-05T15:10:00+00:00,9725.045333652677,9725.045333652677,0.027495466634732294,0,0
2024-01-05T15:15:00+00:00,9725.045333652677,9725.045333652677,0.027495466634732294,0,0
2024-01-05T15:20:00+00:00,9725.045333652677,9725.045333652677,0.027495466634732294,0,0
2024-01-05T15:25:00+00:00,9725.045333652677,9725.045333652677,0.027495466634732294,0,0
2024-01-05T15:30:00+00:00,9725.045333652677,9725.045333652677,0.027495466634732294,0,0
2024-01-05T15:35:00+00:00,9725.045333652677,9725.045333652677,0.027495466634732294,0,0
2024-01-05T15:40:00+00:00,9725.045333652677,9725.045333652677,0.027495466634732294,0,0
2024-01-05T15:45:00+00:00,9725.045333652677,9725.045333652677,0.027495466634732294,0,0
2024-01-05T15:50:00+00:00,9725.045333652677,9725.045333652677,0.027495466634732294,0,0
2024-01-05T15:55:00+00:00,9725.045333652677,9725.045333652677,0.027495466634732294,0,0
2024-01-05T16:00:00+00:00,9725.045333652677,9725.045333652677,0.027495466634732294,0,0
2024-01-05T16:05:00+00:00,9725.045333652677,9725.045333652677,0.027495466634732294,0,0
2024-01-05T16:10:00+00:00,9725.045333652677,9725.045333652677,0.027495466634732294,0,0
2024-01-05T16:15:00+00:00,9725.045333652677,9725.045333652677,0.027495466634732294,0,0
2024-01-05T16:20:00+00:00,9725.045333652677,9725.045333652677,0.027495466634732294,0,0
2024-01-05T16:25:00+00:00,9725.045333652677,9725.045333652677,0.027495466634732294,0,0
2024-01-05T16:30:00+00:00,9725.045333652677,9725.045333652677,0.027495466634732294,0,0
2024-01-05T16:35:00+00:00,9725.045333652677,9725.045333652677,0.027495466634732294,0,0
2024-01-05T16:40:00+00:00,9725.045333652677,9725.045333652677,0.027495466634732294,0,0
2024-01-05T16:45:00+00:00,9725.045333652677,9725.045333652677,0.027495466634732294,0,0
2024-01-05T16:50:00+00:00,9725.045333652677,9725.045333652677,0.027495466634732294,0,0
2024-01-05T16:55:00+00:00,9725.045333652677,9725.045333652677,0.027495466634732294,0,0
2024-01-05T17:00:00+00:00,9725.045333652677,9725.045333652677,0.027495466634732294,0,0
2024-01-05T17:05:00+00:00,9725.045333652677,9725.045333652677,0.027495466634732294,0,0
2024-01-05T17:10:00+00:00,9725.045333652677,9725.045333652677,0.027495466634732294,0,0
2024-01-05T17:15:00+00:00,9725.045333652677,9725.045333652677,0.027495466634732294,0,0
2024-01-05T17:20:00+00:00,9725.045333652677,9725.045333652677,0.027495466634732294,0,0
2024-01-05T17:25:00+00:00,9725.045333652677,9725.045333652677,0.027495466634732294,0,0
2024-01-05T17:30:00+00:00,9725.045333652677,9725.045333652677,0.027495466634732294,0,0
2024-01-05T17:35:00+00:00,9725.045333652677,9725.045333652677,0.027495466634732294,0,0
2024-01-05T17:40:00+00:00,9725.045333652677,9725.045333652677,0.027495466634732294,0,0
2024-01-05T17:45:00+00:00,9725.045333652677,9725.045333652677,0.027495466634732294,0,0
2024-01-05T17:50:00+00:00,9725.045333652677,9725.045333652677,0.027495466634732294,0,0
2024-01-05T17:55:00+00:00,9725.045333652677,9725.045333652677,0.027495466634732294,0,0
2024-01-05T18:00:00+00:00,9725.045333652677,9725.045333652677,0.027495466634732294,0,0
2024-01-05T18:05:00+00:00,9725.045333652677,9725.045333652677,0.027495466634732294,0,0
2024-01-05T18:10:00+00:00,9725.045333652677,9725.045333652677,0.027495466634732294,0,0
2024-01-05T18:15:00+00:00,9725.045333652677,9725.045333652677,0.027495466634732294,0,0
2024-01-05T18:20:00+00:00,9725.045333652677,9725.045333652677,0.027495466634732294,0,0
2024-01-05T18:25:00+00:00,9725.045333652677,9725.045333652677,0.027495466634732294,0,0
2024-01-05T18:30:00+00:00,9725.045333652677,9725.045333652677,0.027495466634732294,0,0
2024-01-05T18:35:00+00:00,9725.045333652677,9725.045333652677,0.027495466634732294,0,0
2024-01-05T18:40:00+00:00,9725.045333652677,9725.045333652677,0.027495466634732294,0,0
2024-01-05T18:45:00+00:00,9725.045333652677,9725.045333652677,0.027495466634732294,0,0
2024-01-05T18:50:00+00:00,9725.045333652677,9725.045333652677,0.027495466634732294,0,0
2024-01-05T18:55:00+00:00,9725.045333652677,9725.045333652677,0.027495466634732294,0,0
2024-01-05T19:00:00+00:00,9725.045333652677,9725.045333652677,0.027495466634732294,0,0
2024-01-05T19:05:00+00:00,9725.045333652677,9725.045333652677,0.027495466634732294,0,0
2024-01-05T19:10:00+00:00,9725.045333652677,9725.045333652677,0.027495466634732294,0,0
2024-01-05T19:15:00+00:00,9725.045333652677,9725.045333652677,0.027495466634732294,0,0
2024-01-05T19:20:00+00:00,9725.045333652677,9725.045333652677,0.027495466634732294,0,0
2024-01-05T19:25:00+00:00,9725.045333652677,9725.045333652677,0.027495466634732294,0,0
2024-01-05T19:30:00+00:00,9725.045333652677,9725.045333652677,0.027495466634732294,0,0
2024-01-05T19:35:00+00:00,9725.045333652677,9725.045333652677,0.027495466634732294,0,0
2024-01-05T19:40:00+00:00,9725.045333652677,9725.045333652677,0.027495466634732294,0,0
2024-01-05T19:45:00+00:00,9725.045333652677,9725.045333652677,0.027495466634732294,0,0
2024-01-05T19:50:00+00:00,9725.045333652677,9725.045333652677,0.027495466634732294,0,0
2024-01-05T19:55:00+00:00,9725.045333652677,9725.045333652677,0.027495466634732294,0,0
2024-01-05T20:00:00+00:00,9725.045333652677,9725.045333652677,0.027495466634732294,0,0
